
-- ============================================================
--  Section A: auth.users + identities + profiles + provider_credentials
-- ============================================================
INSERT INTO auth.users (id, aud, role, email, encrypted_password, email_confirmed_at, raw_app_meta_data, raw_user_meta_data, is_sso_user, is_anonymous, created_at, updated_at) VALUES
  ('aaaaaaaa-0001-0001-0000-000000000001','authenticated','authenticated','seed.rep.alice@example.com',    crypt('test123!', gen_salt('bf')), NOW(), '{"provider":"email","providers":["email"]}','{}', false, false, NOW(), NOW()),
  ('aaaaaaaa-0001-0001-0000-000000000002','authenticated','authenticated','seed.rep.ben@example.com',      crypt('test123!', gen_salt('bf')), NOW(), '{"provider":"email","providers":["email"]}','{}', false, false, NOW(), NOW()),
  ('aaaaaaaa-0001-0001-0000-000000000003','authenticated','authenticated','seed.rep.chloe@example.com',    crypt('test123!', gen_salt('bf')), NOW(), '{"provider":"email","providers":["email"]}','{}', false, false, NOW(), NOW()),
  ('aaaaaaaa-0001-0002-0000-000000000001','authenticated','authenticated','seed.prov.evan@example.com',    crypt('test123!', gen_salt('bf')), NOW(), '{"provider":"email","providers":["email"]}','{}', false, false, NOW(), NOW()),
  ('aaaaaaaa-0001-0002-0000-000000000002','authenticated','authenticated','seed.prov.mia@example.com',     crypt('test123!', gen_salt('bf')), NOW(), '{"provider":"email","providers":["email"]}','{}', false, false, NOW(), NOW()),
  ('aaaaaaaa-0001-0002-0000-000000000003','authenticated','authenticated','seed.prov.omar@example.com',    crypt('test123!', gen_salt('bf')), NOW(), '{"provider":"email","providers":["email"]}','{}', false, false, NOW(), NOW()),
  ('aaaaaaaa-0001-0003-0000-000000000001','authenticated','authenticated','seed.staff.nina@example.com',   crypt('test123!', gen_salt('bf')), NOW(), '{"provider":"email","providers":["email"]}','{}', false, false, NOW(), NOW()),
  ('aaaaaaaa-0001-0003-0000-000000000002','authenticated','authenticated','seed.staff.greg@example.com',   crypt('test123!', gen_salt('bf')), NOW(), '{"provider":"email","providers":["email"]}','{}', false, false, NOW(), NOW())
ON CONFLICT (id) DO NOTHING;

INSERT INTO auth.identities (id, user_id, provider, provider_id, identity_data, created_at, updated_at)
SELECT gen_random_uuid(), u.id, 'email', u.id::text,
  jsonb_build_object('sub', u.id::text, 'email', u.email, 'email_verified', true),
  NOW(), NOW()
FROM auth.users u
WHERE u.id::text LIKE 'aaaaaaaa-%'
  AND NOT EXISTS (SELECT 1 FROM auth.identities i WHERE i.user_id = u.id AND i.provider = 'email');

INSERT INTO profiles (id, email, first_name, last_name, phone, role, status, has_completed_setup, created_at, updated_at) VALUES
  ('aaaaaaaa-0001-0001-0000-000000000001','seed.rep.alice@example.com','Alice','Nguyen','+15555550101','sales_representative','active', true, NOW(), NOW()),
  ('aaaaaaaa-0001-0001-0000-000000000002','seed.rep.ben@example.com',  'Ben',  'Torres', '+15555550102','sales_representative','active', true, NOW(), NOW()),
  ('aaaaaaaa-0001-0001-0000-000000000003','seed.rep.chloe@example.com','Chloe','Park',   '+15555550103','sales_representative','active', true, NOW(), NOW()),
  ('aaaaaaaa-0001-0002-0000-000000000001','seed.prov.evan@example.com','Dr. Evan','Reyes','+15555550201','clinical_provider','active', true, NOW(), NOW()),
  ('aaaaaaaa-0001-0002-0000-000000000002','seed.prov.mia@example.com', 'Dr. Mia','Kim',   '+15555550202','clinical_provider','active', true, NOW(), NOW()),
  ('aaaaaaaa-0001-0002-0000-000000000003','seed.prov.omar@example.com','Dr. Omar','Patel','+15555550203','clinical_provider','active', true, NOW(), NOW()),
  ('aaaaaaaa-0001-0003-0000-000000000001','seed.staff.nina@example.com','Nina','Walsh',  '+15555550301','clinical_staff','active', true, NOW(), NOW()),
  ('aaaaaaaa-0001-0003-0000-000000000002','seed.staff.greg@example.com','Greg','Ito',    '+15555550302','clinical_staff','active', true, NOW(), NOW())
ON CONFLICT (id) DO NOTHING;

INSERT INTO provider_credentials (id, user_id, credential, npi_number, pin_hash, baa_signed_at, terms_signed_at, created_at, updated_at) VALUES
  (gen_random_uuid(), 'aaaaaaaa-0001-0002-0000-000000000001','MD','2222222221', crypt('1111', gen_salt('bf', 6)), NOW(), NOW(), NOW(), NOW()),
  (gen_random_uuid(), 'aaaaaaaa-0001-0002-0000-000000000002','DO','2222222222', crypt('1111', gen_salt('bf', 6)), NOW(), NOW(), NOW(), NOW()),
  (gen_random_uuid(), 'aaaaaaaa-0001-0002-0000-000000000003','MD','2222222223', crypt('1111', gen_salt('bf', 6)), NOW(), NOW(), NOW(), NOW());

-- ============================================================
--  Section B: rep_hierarchy, commission_rates, sales_quotas
-- ============================================================
INSERT INTO rep_hierarchy (id, parent_rep_id, child_rep_id, created_by, created_at) VALUES
  ('aaaaaaaa-000b-0000-0000-000000000001','fd542a2a-ef6e-4587-8c8c-2bd138c5e953','aaaaaaaa-0001-0001-0000-000000000002','fd542a2a-ef6e-4587-8c8c-2bd138c5e953', NOW()),
  ('aaaaaaaa-000b-0000-0000-000000000002','aaaaaaaa-0001-0001-0000-000000000001','aaaaaaaa-0001-0001-0000-000000000003','aaaaaaaa-0001-0001-0000-000000000001', NOW())
ON CONFLICT (id) DO NOTHING;

INSERT INTO commission_rates (id, rep_id, set_by, rate_percent, override_percent, effective_from, effective_to, created_at, updated_at) VALUES
  ('aaaaaaaa-000d-0000-0000-000000000001','aaaaaaaa-0001-0001-0000-000000000001','bafaa688-4862-427f-a3f6-b9873ab603f2', 5.00, 0.00, '2025-11-01', NULL, NOW(), NOW()),
  ('aaaaaaaa-000d-0000-0000-000000000002','aaaaaaaa-0001-0001-0000-000000000002','fd542a2a-ef6e-4587-8c8c-2bd138c5e953', 4.00, 1.00, '2025-11-01', NULL, NOW(), NOW()),
  ('aaaaaaaa-000d-0000-0000-000000000003','aaaaaaaa-0001-0001-0000-000000000003','aaaaaaaa-0001-0001-0000-000000000001', 4.00, 1.00, '2025-11-01', NULL, NOW(), NOW())
ON CONFLICT (id) DO NOTHING;

INSERT INTO sales_quotas (id, rep_id, set_by, period, target_amount, notes, created_at, updated_at) VALUES
  ('aaaaaaaa-000c-0000-0000-000000000001','fd542a2a-ef6e-4587-8c8c-2bd138c5e953','bafaa688-4862-427f-a3f6-b9873ab603f2','2025-11', 25000, 'Backfill', NOW(), NOW()),
  ('aaaaaaaa-000c-0000-0000-000000000002','fd542a2a-ef6e-4587-8c8c-2bd138c5e953','bafaa688-4862-427f-a3f6-b9873ab603f2','2025-12', 25000, 'Backfill', NOW(), NOW()),
  ('aaaaaaaa-000c-0000-0000-000000000003','fd542a2a-ef6e-4587-8c8c-2bd138c5e953','bafaa688-4862-427f-a3f6-b9873ab603f2','2026-01', 25000, 'Backfill', NOW(), NOW()),
  ('aaaaaaaa-000c-0000-0000-000000000004','fd542a2a-ef6e-4587-8c8c-2bd138c5e953','bafaa688-4862-427f-a3f6-b9873ab603f2','2026-02', 25000, 'Backfill', NOW(), NOW()),
  ('aaaaaaaa-000c-0000-0000-000000000005','fd542a2a-ef6e-4587-8c8c-2bd138c5e953','bafaa688-4862-427f-a3f6-b9873ab603f2','2026-03', 25000, 'Backfill', NOW(), NOW()),
  ('aaaaaaaa-000c-0000-0000-000000000006','df3a36fe-2686-4a14-9a37-e4ad8c71ff0d','fd542a2a-ef6e-4587-8c8c-2bd138c5e953','2025-11', 20000, 'Backfill', NOW(), NOW()),
  ('aaaaaaaa-000c-0000-0000-000000000007','df3a36fe-2686-4a14-9a37-e4ad8c71ff0d','fd542a2a-ef6e-4587-8c8c-2bd138c5e953','2025-12', 20000, 'Backfill', NOW(), NOW()),
  ('aaaaaaaa-000c-0000-0000-000000000008','df3a36fe-2686-4a14-9a37-e4ad8c71ff0d','fd542a2a-ef6e-4587-8c8c-2bd138c5e953','2026-01', 20000, 'Backfill', NOW(), NOW()),
  ('aaaaaaaa-000c-0000-0000-000000000009','df3a36fe-2686-4a14-9a37-e4ad8c71ff0d','fd542a2a-ef6e-4587-8c8c-2bd138c5e953','2026-02', 20000, 'Backfill', NOW(), NOW()),
  ('aaaaaaaa-000c-0000-0000-00000000000a','df3a36fe-2686-4a14-9a37-e4ad8c71ff0d','fd542a2a-ef6e-4587-8c8c-2bd138c5e953','2026-03', 20000, 'Backfill', NOW(), NOW()),
  ('aaaaaaaa-000c-0000-0000-00000000000b','aaaaaaaa-0001-0001-0000-000000000001','bafaa688-4862-427f-a3f6-b9873ab603f2','2026-04', 22000, 'Apr target', NOW(), NOW()),
  ('aaaaaaaa-000c-0000-0000-00000000000c','aaaaaaaa-0001-0001-0000-000000000002','fd542a2a-ef6e-4587-8c8c-2bd138c5e953','2026-04', 15000, 'Apr target', NOW(), NOW()),
  ('aaaaaaaa-000c-0000-0000-00000000000d','aaaaaaaa-0001-0001-0000-000000000003','aaaaaaaa-0001-0001-0000-000000000001','2026-04', 15000, 'Apr target', NOW(), NOW())
ON CONFLICT (id) DO NOTHING;

-- ============================================================
--  Section C: facilities, patients, contacts
-- ============================================================
INSERT INTO facilities (id, user_id, name, city, state, country, address_line_1, postal_code, facility_type, assigned_rep, status, contact, phone, created_at, updated_at) VALUES
  ('aaaaaaaa-0002-0000-0000-000000000001','aaaaaaaa-0001-0001-0000-000000000001','Desert Vista Wound Care',     'Phoenix','AZ','USA','101 Sun Blvd',      '85001','clinic','aaaaaaaa-0001-0001-0000-000000000001','active','Dr. Evan Reyes','+16025551001', NOW(), NOW()),
  ('aaaaaaaa-0002-0000-0000-000000000002','aaaaaaaa-0001-0001-0000-000000000001','Cactus Canyon Clinic',        'Tucson', 'AZ','USA','202 Saguaro Dr',    '85701','clinic','aaaaaaaa-0001-0001-0000-000000000001','active','Dr. Mia Kim',  '+15205551002', NOW(), NOW()),
  ('aaaaaaaa-0002-0000-0000-000000000003','aaaaaaaa-0001-0001-0000-000000000002','Lakeshore Wound Specialists', 'Chicago','IL','USA','303 Lake Shore Dr', '60601','clinic','aaaaaaaa-0001-0001-0000-000000000002','active','Dr. Omar Patel','+13125551003', NOW(), NOW()),
  ('aaaaaaaa-0002-0000-0000-000000000004','aaaaaaaa-0001-0001-0000-000000000002','Harbor Point Medical',        'Portland','OR','USA','404 Harbor Way',   '97201','clinic','aaaaaaaa-0001-0001-0000-000000000002','active','Dr. Evan Reyes','+15035551004', NOW(), NOW()),
  ('aaaaaaaa-0002-0000-0000-000000000005','aaaaaaaa-0001-0001-0000-000000000003','Bluegrass Wound Care',        'Louisville','KY','USA','505 Derby Ln',   '40201','clinic','aaaaaaaa-0001-0001-0000-000000000003','active','Dr. Mia Kim',  '+15025551005', NOW(), NOW()),
  ('aaaaaaaa-0002-0000-0000-000000000006','aaaaaaaa-0001-0001-0000-000000000003','Piedmont Surgical Associates','Raleigh','NC','USA','606 Oak Ridge Rd',  '27601','clinic','aaaaaaaa-0001-0001-0000-000000000003','active','Dr. Omar Patel','+19195551006', NOW(), NOW())
ON CONFLICT (id) DO NOTHING;

INSERT INTO patients (id, facility_id, first_name, last_name, date_of_birth, patient_ref, is_active, created_at, updated_at) VALUES
  ('aaaaaaaa-0003-0001-0000-000000000001','aaaaaaaa-0002-0000-0000-000000000001','Amanda','Clark', '1962-03-11','DV-0001', true, NOW(), NOW()),
  ('aaaaaaaa-0003-0001-0000-000000000002','aaaaaaaa-0002-0000-0000-000000000001','Brian',  'Diaz',  '1958-07-23','DV-0002', true, NOW(), NOW()),
  ('aaaaaaaa-0003-0001-0000-000000000003','aaaaaaaa-0002-0000-0000-000000000001','Carol',  'Evans', '1970-12-05','DV-0003', true, NOW(), NOW()),
  ('aaaaaaaa-0003-0001-0000-000000000004','aaaaaaaa-0002-0000-0000-000000000001','Derek',  'Fox',   '1965-01-18','DV-0004', true, NOW(), NOW()),
  ('aaaaaaaa-0003-0001-0000-000000000005','aaaaaaaa-0002-0000-0000-000000000001','Elena',  'Gomez', '1975-09-28','DV-0005', true, NOW(), NOW()),
  ('aaaaaaaa-0003-0002-0000-000000000001','aaaaaaaa-0002-0000-0000-000000000002','Frank',  'Hale',  '1952-04-17','CC-0001', true, NOW(), NOW()),
  ('aaaaaaaa-0003-0002-0000-000000000002','aaaaaaaa-0002-0000-0000-000000000002','Gina',   'Ivanov','1967-06-09','CC-0002', true, NOW(), NOW()),
  ('aaaaaaaa-0003-0002-0000-000000000003','aaaaaaaa-0002-0000-0000-000000000002','Henry',  'Jones', '1961-11-30','CC-0003', true, NOW(), NOW()),
  ('aaaaaaaa-0003-0002-0000-000000000004','aaaaaaaa-0002-0000-0000-000000000002','Isabel', 'Kent',  '1948-02-14','CC-0004', true, NOW(), NOW()),
  ('aaaaaaaa-0003-0002-0000-000000000005','aaaaaaaa-0002-0000-0000-000000000002','Jack',   'Lopez', '1972-08-21','CC-0005', true, NOW(), NOW()),
  ('aaaaaaaa-0003-0003-0000-000000000001','aaaaaaaa-0002-0000-0000-000000000003','Karen',  'Mendez','1955-05-03','LS-0001', true, NOW(), NOW()),
  ('aaaaaaaa-0003-0003-0000-000000000002','aaaaaaaa-0002-0000-0000-000000000003','Leo',    'Nash',  '1963-10-11','LS-0002', true, NOW(), NOW()),
  ('aaaaaaaa-0003-0003-0000-000000000003','aaaaaaaa-0002-0000-0000-000000000003','Maria',  'Ortiz', '1978-03-24','LS-0003', true, NOW(), NOW()),
  ('aaaaaaaa-0003-0003-0000-000000000004','aaaaaaaa-0002-0000-0000-000000000003','Nathan', 'Pryor', '1959-07-01','LS-0004', true, NOW(), NOW()),
  ('aaaaaaaa-0003-0003-0000-000000000005','aaaaaaaa-0002-0000-0000-000000000003','Olga',   'Quinn', '1966-12-19','LS-0005', true, NOW(), NOW()),
  ('aaaaaaaa-0003-0004-0000-000000000001','aaaaaaaa-0002-0000-0000-000000000004','Peter',  'Ross',  '1970-01-29','HP-0001', true, NOW(), NOW()),
  ('aaaaaaaa-0003-0004-0000-000000000002','aaaaaaaa-0002-0000-0000-000000000004','Quinn',  'Shah',  '1953-04-08','HP-0002', true, NOW(), NOW()),
  ('aaaaaaaa-0003-0004-0000-000000000003','aaaaaaaa-0002-0000-0000-000000000004','Rachel', 'Tran',  '1969-09-15','HP-0003', true, NOW(), NOW()),
  ('aaaaaaaa-0003-0004-0000-000000000004','aaaaaaaa-0002-0000-0000-000000000004','Sam',    'Umar',  '1962-02-22','HP-0004', true, NOW(), NOW()),
  ('aaaaaaaa-0003-0004-0000-000000000005','aaaaaaaa-0002-0000-0000-000000000004','Tina',   'Vega',  '1957-11-07','HP-0005', true, NOW(), NOW()),
  ('aaaaaaaa-0003-0005-0000-000000000001','aaaaaaaa-0002-0000-0000-000000000005','Uma',    'Wallis','1964-06-25','BG-0001', true, NOW(), NOW()),
  ('aaaaaaaa-0003-0005-0000-000000000002','aaaaaaaa-0002-0000-0000-000000000005','Victor', 'Xu',    '1950-03-13','BG-0002', true, NOW(), NOW()),
  ('aaaaaaaa-0003-0005-0000-000000000003','aaaaaaaa-0002-0000-0000-000000000005','Wendy',  'Young', '1973-08-02','BG-0003', true, NOW(), NOW()),
  ('aaaaaaaa-0003-0005-0000-000000000004','aaaaaaaa-0002-0000-0000-000000000005','Xavier', 'Zane',  '1968-12-27','BG-0004', true, NOW(), NOW()),
  ('aaaaaaaa-0003-0005-0000-000000000005','aaaaaaaa-0002-0000-0000-000000000005','Yvonne', 'Alder', '1955-05-16','BG-0005', true, NOW(), NOW()),
  ('aaaaaaaa-0003-0006-0000-000000000001','aaaaaaaa-0002-0000-0000-000000000006','Zack',   'Baker', '1961-01-04','PM-0001', true, NOW(), NOW()),
  ('aaaaaaaa-0003-0006-0000-000000000002','aaaaaaaa-0002-0000-0000-000000000006','Abby',   'Cross', '1975-07-31','PM-0002', true, NOW(), NOW()),
  ('aaaaaaaa-0003-0006-0000-000000000003','aaaaaaaa-0002-0000-0000-000000000006','Blake',  'Dunn',  '1967-10-20','PM-0003', true, NOW(), NOW()),
  ('aaaaaaaa-0003-0006-0000-000000000004','aaaaaaaa-0002-0000-0000-000000000006','Cara',   'Ellis', '1952-04-12','PM-0004', true, NOW(), NOW()),
  ('aaaaaaaa-0003-0006-0000-000000000005','aaaaaaaa-0002-0000-0000-000000000006','Dan',    'Frost', '1970-09-06','PM-0005', true, NOW(), NOW())
ON CONFLICT (id) DO NOTHING;

INSERT INTO contacts (id, facility_id, first_name, last_name, title, email, phone, preferred_contact, is_active, created_at, updated_at) VALUES
  ('aaaaaaaa-0008-0000-0000-000000000001','aaaaaaaa-0002-0000-0000-000000000001','Rebecca','Lane','Practice Manager','rlane@desertvista.test','+16025552001','email', true, NOW(), NOW()),
  ('aaaaaaaa-0008-0000-0000-000000000002','aaaaaaaa-0002-0000-0000-000000000001','Tom',    'Reid','Front Desk',      'treid@desertvista.test','+16025552002','phone', true, NOW(), NOW()),
  ('aaaaaaaa-0008-0000-0000-000000000003','aaaaaaaa-0002-0000-0000-000000000001','Gina',   'Best','Billing Lead',    'gbest@desertvista.test','+16025552003','email', true, NOW(), NOW()),
  ('aaaaaaaa-0008-0000-0000-000000000004','aaaaaaaa-0002-0000-0000-000000000002','Paul',   'Meyer','Office Manager','pmeyer@cactuscanyon.test','+15205552004','email', true, NOW(), NOW()),
  ('aaaaaaaa-0008-0000-0000-000000000005','aaaaaaaa-0002-0000-0000-000000000002','Linda',  'Pike', 'Medical Assistant','lpike@cactuscanyon.test','+15205552005','phone', true, NOW(), NOW()),
  ('aaaaaaaa-0008-0000-0000-000000000006','aaaaaaaa-0002-0000-0000-000000000002','Keith',  'Roy',  'Front Desk',    'kroy@cactuscanyon.test','+15205552006','either', true, NOW(), NOW()),
  ('aaaaaaaa-0008-0000-0000-000000000007','aaaaaaaa-0002-0000-0000-000000000003','Nancy',  'Shaw', 'Practice Manager','nshaw@lakeshore.test','+13125552007','email', true, NOW(), NOW()),
  ('aaaaaaaa-0008-0000-0000-000000000008','aaaaaaaa-0002-0000-0000-000000000003','Emily',  'Tate', 'Billing Lead',  'etate@lakeshore.test','+13125552008','email', true, NOW(), NOW()),
  ('aaaaaaaa-0008-0000-0000-000000000009','aaaaaaaa-0002-0000-0000-000000000003','Ron',    'Uhl',  'Front Desk',    'ruhl@lakeshore.test', '+13125552009','phone', true, NOW(), NOW()),
  ('aaaaaaaa-0008-0000-0000-00000000000a','aaaaaaaa-0002-0000-0000-000000000004','Diana',  'Vance','Practice Manager','dvance@harborpoint.test','+15035552010','email', true, NOW(), NOW()),
  ('aaaaaaaa-0008-0000-0000-00000000000b','aaaaaaaa-0002-0000-0000-000000000004','Greg',   'West', 'Office Manager','gwest@harborpoint.test','+15035552011','phone', true, NOW(), NOW()),
  ('aaaaaaaa-0008-0000-0000-00000000000c','aaaaaaaa-0002-0000-0000-000000000004','Cindy',  'Yoho', 'Medical Assistant','cyoho@harborpoint.test','+15035552012','email', true, NOW(), NOW()),
  ('aaaaaaaa-0008-0000-0000-00000000000d','aaaaaaaa-0002-0000-0000-000000000005','Owen',   'Ash',  'Practice Manager','oash@bluegrass.test','+15025552013','either', true, NOW(), NOW()),
  ('aaaaaaaa-0008-0000-0000-00000000000e','aaaaaaaa-0002-0000-0000-000000000005','Mia',    'Burch','Billing Lead',  'mburch@bluegrass.test','+15025552014','email', true, NOW(), NOW()),
  ('aaaaaaaa-0008-0000-0000-00000000000f','aaaaaaaa-0002-0000-0000-000000000005','Eric',   'Cove', 'Front Desk',    'ecove@bluegrass.test',  '+15025552015','phone', true, NOW(), NOW()),
  ('aaaaaaaa-0008-0000-0000-000000000010','aaaaaaaa-0002-0000-0000-000000000006','Lynn',   'Drake','Practice Manager','ldrake@piedmont.test','+19195552016','email', true, NOW(), NOW()),
  ('aaaaaaaa-0008-0000-0000-000000000011','aaaaaaaa-0002-0000-0000-000000000006','Dave',   'Ewing','Medical Assistant','dewing@piedmont.test','+19195552017','phone', true, NOW(), NOW()),
  ('aaaaaaaa-0008-0000-0000-000000000012','aaaaaaaa-0002-0000-0000-000000000006','Ruth',   'Flynn','Office Manager','rflynn@piedmont.test','+19195552018','email', true, NOW(), NOW()),
  ('aaaaaaaa-0008-0000-0000-000000000013','aaaaaaaa-0002-0000-0000-000000000001','Anna',   'Garza','Medical Assistant','agarza@desertvista.test','+16025552019','phone', true, NOW(), NOW()),
  ('aaaaaaaa-0008-0000-0000-000000000014','aaaaaaaa-0002-0000-0000-000000000003','Marco',  'Hart', 'Office Manager','mhart@lakeshore.test','+13125552020','email', true, NOW(), NOW())
ON CONFLICT (id) DO NOTHING;

-- ============================================================
--  Section D: activities + tasks
-- ============================================================
INSERT INTO activities (id, facility_id, contact_id, logged_by, type, activity_date, outcome, notes, created_at, updated_at)
SELECT
  ('aaaaaaaa-0006-0000-0000-' || lpad(i::text, 12, '0'))::uuid AS id,
  (ARRAY[
    'aaaaaaaa-0002-0000-0000-000000000001'::uuid,
    'aaaaaaaa-0002-0000-0000-000000000002'::uuid,
    'aaaaaaaa-0002-0000-0000-000000000003'::uuid,
    'aaaaaaaa-0002-0000-0000-000000000004'::uuid,
    'aaaaaaaa-0002-0000-0000-000000000005'::uuid,
    'aaaaaaaa-0002-0000-0000-000000000006'::uuid
  ])[((i - 1) % 6) + 1] AS facility_id,
  NULL AS contact_id,
  (ARRAY[
    'aaaaaaaa-0001-0001-0000-000000000001'::uuid,
    'aaaaaaaa-0001-0001-0000-000000000001'::uuid,
    'aaaaaaaa-0001-0001-0000-000000000002'::uuid,
    'aaaaaaaa-0001-0001-0000-000000000002'::uuid,
    'aaaaaaaa-0001-0001-0000-000000000003'::uuid,
    'aaaaaaaa-0001-0001-0000-000000000003'::uuid
  ])[((i - 1) % 6) + 1] AS logged_by,
  (ARRAY['call','email','visit','meeting'])[((i - 1) % 4) + 1] AS type,
  (CURRENT_DATE - ((60 - i) || ' days')::interval)::date AS activity_date,
  (ARRAY['positive','neutral','follow_up_needed','neutral'])[((i - 1) % 4) + 1] AS outcome,
  'Seeded activity #' || i AS notes,
  NOW(), NOW()
FROM generate_series(1, 30) AS i
ON CONFLICT (id) DO NOTHING;

INSERT INTO tasks (id, facility_id, contact_id, created_by, assigned_to, title, due_date, priority, status, notes, reminder_sent, created_at, updated_at) VALUES
  ('aaaaaaaa-0007-0000-0000-000000000001','aaaaaaaa-0002-0000-0000-000000000001',NULL,'aaaaaaaa-0001-0001-0000-000000000001','aaaaaaaa-0001-0001-0000-000000000001','Follow up on Q2 quote', (CURRENT_DATE - INTERVAL '5 days')::date, 'high',  'open', NULL, false, NOW(), NOW()),
  ('aaaaaaaa-0007-0000-0000-000000000002','aaaaaaaa-0002-0000-0000-000000000002',NULL,'aaaaaaaa-0001-0001-0000-000000000001','aaaaaaaa-0001-0001-0000-000000000001','Send pricing to Dr. Mia Kim', (CURRENT_DATE - INTERVAL '2 days')::date, 'medium','open', NULL, false, NOW(), NOW()),
  ('aaaaaaaa-0007-0000-0000-000000000003','aaaaaaaa-0002-0000-0000-000000000003',NULL,'aaaaaaaa-0001-0001-0000-000000000002','aaaaaaaa-0001-0001-0000-000000000002','Confirm inventory for next shipment', (CURRENT_DATE - INTERVAL '1 days')::date, 'high', 'open', NULL, false, NOW(), NOW()),
  ('aaaaaaaa-0007-0000-0000-000000000004','b2be5041-a915-459f-b651-f171747a9d78',NULL,'fd542a2a-ef6e-4587-8c8c-2bd138c5e953','fd542a2a-ef6e-4587-8c8c-2bd138c5e953','Renew service agreement',              (CURRENT_DATE - INTERVAL '7 days')::date, 'medium','open', NULL, false, NOW(), NOW()),
  ('aaaaaaaa-0007-0000-0000-000000000005','aaaaaaaa-0002-0000-0000-000000000005',NULL,'aaaaaaaa-0001-0001-0000-000000000003','aaaaaaaa-0001-0001-0000-000000000003','Call back about product demo',           (CURRENT_DATE - INTERVAL '3 days')::date, 'high',  'open', NULL, false, NOW(), NOW()),
  ('aaaaaaaa-0007-0000-0000-000000000006','aaaaaaaa-0002-0000-0000-000000000001',NULL,'aaaaaaaa-0001-0001-0000-000000000001','aaaaaaaa-0001-0001-0000-000000000001','Product training session', (CURRENT_DATE + INTERVAL '1 days')::date, 'medium','open', NULL, false, NOW(), NOW()),
  ('aaaaaaaa-0007-0000-0000-000000000007','aaaaaaaa-0002-0000-0000-000000000002',NULL,'aaaaaaaa-0001-0001-0000-000000000001','aaaaaaaa-0001-0001-0000-000000000001','Submit onboarding docs',    (CURRENT_DATE + INTERVAL '2 days')::date, 'low',   'open', NULL, false, NOW(), NOW()),
  ('aaaaaaaa-0007-0000-0000-000000000008','aaaaaaaa-0002-0000-0000-000000000003',NULL,'aaaaaaaa-0001-0001-0000-000000000002','aaaaaaaa-0001-0001-0000-000000000002','Review pricing update',     (CURRENT_DATE + INTERVAL '3 days')::date, 'medium','open', NULL, false, NOW(), NOW()),
  ('aaaaaaaa-0007-0000-0000-000000000009','aaaaaaaa-0002-0000-0000-000000000004',NULL,'aaaaaaaa-0001-0001-0000-000000000002','aaaaaaaa-0001-0001-0000-000000000002','Schedule quarterly check-in', (CURRENT_DATE + INTERVAL '4 days')::date, 'low',  'open', NULL, false, NOW(), NOW()),
  ('aaaaaaaa-0007-0000-0000-00000000000a','aaaaaaaa-0002-0000-0000-000000000005',NULL,'aaaaaaaa-0001-0001-0000-000000000003','aaaaaaaa-0001-0001-0000-000000000003','Send sample packet',        (CURRENT_DATE + INTERVAL '5 days')::date, 'medium','open', NULL, false, NOW(), NOW()),
  ('aaaaaaaa-0007-0000-0000-00000000000b','aaaaaaaa-0002-0000-0000-000000000006',NULL,'aaaaaaaa-0001-0001-0000-000000000003','aaaaaaaa-0001-0001-0000-000000000003','Coordinate delivery window',(CURRENT_DATE + INTERVAL '6 days')::date, 'high', 'open', NULL, false, NOW(), NOW()),
  ('aaaaaaaa-0007-0000-0000-00000000000c','b2be5041-a915-459f-b651-f171747a9d78',NULL,'fd542a2a-ef6e-4587-8c8c-2bd138c5e953','fd542a2a-ef6e-4587-8c8c-2bd138c5e953','Hand off admin onboarding', (CURRENT_DATE + INTERVAL '4 days')::date, 'medium','open', NULL, false, NOW(), NOW()),
  ('aaaaaaaa-0007-0000-0000-00000000000d','1327339c-7668-41d3-a499-7250b50b79de',NULL,'df3a36fe-2686-4a14-9a37-e4ad8c71ff0d','df3a36fe-2686-4a14-9a37-e4ad8c71ff0d','Email Ricky sub-rep',       (CURRENT_DATE + INTERVAL '2 days')::date, 'medium','open', NULL, false, NOW(), NOW()),
  ('aaaaaaaa-0007-0000-0000-00000000000e','aaaaaaaa-0002-0000-0000-000000000001',NULL,'aaaaaaaa-0001-0001-0000-000000000001','aaaaaaaa-0001-0001-0000-000000000001','Annual business review',     (CURRENT_DATE + INTERVAL '21 days')::date, 'low','open', NULL, false, NOW(), NOW()),
  ('aaaaaaaa-0007-0000-0000-00000000000f','aaaaaaaa-0002-0000-0000-000000000003',NULL,'aaaaaaaa-0001-0001-0000-000000000002','aaaaaaaa-0001-0001-0000-000000000002','Plan lunch-and-learn',      (CURRENT_DATE + INTERVAL '14 days')::date, 'low','open', NULL, false, NOW(), NOW()),
  ('aaaaaaaa-0007-0000-0000-000000000010','aaaaaaaa-0002-0000-0000-000000000005',NULL,'aaaaaaaa-0001-0001-0000-000000000003','aaaaaaaa-0001-0001-0000-000000000003','Prepare customer satisfaction survey',(CURRENT_DATE + INTERVAL '28 days')::date,'medium','open', NULL, false, NOW(), NOW()),
  ('aaaaaaaa-0007-0000-0000-000000000011','b2be5041-a915-459f-b651-f171747a9d78',NULL,'fd542a2a-ef6e-4587-8c8c-2bd138c5e953','fd542a2a-ef6e-4587-8c8c-2bd138c5e953','Review commission structure',(CURRENT_DATE + INTERVAL '10 days')::date, 'low','open', NULL, false, NOW(), NOW()),
  ('aaaaaaaa-0007-0000-0000-000000000012','aaaaaaaa-0002-0000-0000-000000000001',NULL,'aaaaaaaa-0001-0001-0000-000000000001','aaaaaaaa-0001-0001-0000-000000000001','Initial facility visit',    (CURRENT_DATE - INTERVAL '20 days')::date, 'medium','completed', NULL, false, NOW(), NOW()),
  ('aaaaaaaa-0007-0000-0000-000000000013','aaaaaaaa-0002-0000-0000-000000000003',NULL,'aaaaaaaa-0001-0001-0000-000000000002','aaaaaaaa-0001-0001-0000-000000000002','Contract signed',           (CURRENT_DATE - INTERVAL '15 days')::date, 'high',  'completed', NULL, false, NOW(), NOW()),
  ('aaaaaaaa-0007-0000-0000-000000000014','aaaaaaaa-0002-0000-0000-000000000005',NULL,'aaaaaaaa-0001-0001-0000-000000000003','aaaaaaaa-0001-0001-0000-000000000003','First order placed',        (CURRENT_DATE - INTERVAL '10 days')::date, 'medium','completed', NULL, false, NOW(), NOW())
ON CONFLICT (id) DO NOTHING;

-- ============================================================
--  Section E: orders (100) + order_items
-- ============================================================
INSERT INTO orders (id, order_number, facility_id, payment_method, payment_status, invoice_status, fulfillment_status, delivery_status, tracking_number, notes, placed_at, paid_at, delivered_at, created_at, updated_at, order_status, created_by, signed_by, signed_at, wound_type, date_of_service, patient_id, assigned_provider_id, ai_extracted, ai_extracted_at, order_form_locked) VALUES
  ('aaaaaaaa-0004-0001-0000-000000000001','SEED-20251101-0001','aaaaaaaa-0002-0000-0000-000000000001','stripe','paid','paid','delivered','delivered',NULL,'Seeded order #1','2025-11-01 09:00:00+00',('2025-11-01'::timestamptz + INTERVAL '3 days'),('2025-11-01'::timestamptz + INTERVAL '10 days'),'2025-11-01 09:00:00+00','2025-11-01 09:00:00+00','delivered','aaaaaaaa-0001-0001-0000-000000000001','aaaaaaaa-0001-0001-0000-000000000001','2025-11-01 09:00:00+00','chronic','2025-11-01'::date,'aaaaaaaa-0003-0001-0000-000000000001','aaaaaaaa-0001-0002-0000-000000000001',false,NULL,true),
  ('aaaaaaaa-0004-0002-0000-000000000002','SEED-20251104-0002','aaaaaaaa-0002-0000-0000-000000000002','stripe','paid','paid','delivered','delivered',NULL,'Seeded order #2','2025-11-04 09:00:00+00',('2025-11-04'::timestamptz + INTERVAL '3 days'),('2025-11-04'::timestamptz + INTERVAL '10 days'),'2025-11-04 09:00:00+00','2025-11-04 09:00:00+00','delivered','aaaaaaaa-0001-0001-0000-000000000001','aaaaaaaa-0001-0001-0000-000000000001','2025-11-04 09:00:00+00','acute','2025-11-04'::date,'aaaaaaaa-0003-0002-0000-000000000002','aaaaaaaa-0001-0002-0000-000000000002',false,NULL,true),
  ('aaaaaaaa-0004-0003-0000-000000000003','SEED-20251107-0003','aaaaaaaa-0002-0000-0000-000000000003','stripe','paid','paid','delivered','delivered',NULL,'Seeded order #3','2025-11-07 09:00:00+00',('2025-11-07'::timestamptz + INTERVAL '3 days'),('2025-11-07'::timestamptz + INTERVAL '10 days'),'2025-11-07 09:00:00+00','2025-11-07 09:00:00+00','delivered','aaaaaaaa-0001-0001-0000-000000000002','aaaaaaaa-0001-0001-0000-000000000002','2025-11-07 09:00:00+00','surgical','2025-11-07'::date,'aaaaaaaa-0003-0003-0000-000000000003','aaaaaaaa-0001-0002-0000-000000000003',false,NULL,true),
  ('aaaaaaaa-0004-0004-0000-000000000004','SEED-20251110-0004','aaaaaaaa-0002-0000-0000-000000000004','stripe','paid','paid','delivered','delivered',NULL,'Seeded order #4','2025-11-10 09:00:00+00',('2025-11-10'::timestamptz + INTERVAL '3 days'),('2025-11-10'::timestamptz + INTERVAL '10 days'),'2025-11-10 09:00:00+00','2025-11-10 09:00:00+00','delivered','aaaaaaaa-0001-0001-0000-000000000002','aaaaaaaa-0001-0001-0000-000000000002','2025-11-10 09:00:00+00','chronic','2025-11-10'::date,'aaaaaaaa-0003-0004-0000-000000000004','aaaaaaaa-0001-0002-0000-000000000001',false,NULL,true),
  ('aaaaaaaa-0004-0005-0000-000000000005','SEED-20251113-0005','aaaaaaaa-0002-0000-0000-000000000005','stripe','paid','paid','delivered','delivered',NULL,'Seeded order #5','2025-11-13 09:00:00+00',('2025-11-13'::timestamptz + INTERVAL '3 days'),('2025-11-13'::timestamptz + INTERVAL '10 days'),'2025-11-13 09:00:00+00','2025-11-13 09:00:00+00','delivered','aaaaaaaa-0001-0001-0000-000000000003','aaaaaaaa-0001-0001-0000-000000000003','2025-11-13 09:00:00+00','acute','2025-11-13'::date,'aaaaaaaa-0003-0005-0000-000000000005','aaaaaaaa-0001-0002-0000-000000000002',false,NULL,true),
  ('aaaaaaaa-0004-0006-0000-000000000006','SEED-20251116-0006','aaaaaaaa-0002-0000-0000-000000000006','stripe','paid','paid','delivered','delivered',NULL,'Seeded order #6','2025-11-16 09:00:00+00',('2025-11-16'::timestamptz + INTERVAL '3 days'),('2025-11-16'::timestamptz + INTERVAL '10 days'),'2025-11-16 09:00:00+00','2025-11-16 09:00:00+00','delivered','aaaaaaaa-0001-0001-0000-000000000003','aaaaaaaa-0001-0001-0000-000000000003','2025-11-16 09:00:00+00','surgical','2025-11-16'::date,'aaaaaaaa-0003-0006-0000-000000000001','aaaaaaaa-0001-0002-0000-000000000003',false,NULL,true),
  ('aaaaaaaa-0004-0007-0000-000000000007','SEED-20251119-0007','aaaaaaaa-0002-0000-0000-000000000001','stripe','paid','paid','delivered','delivered',NULL,'Seeded order #7','2025-11-19 09:00:00+00',('2025-11-19'::timestamptz + INTERVAL '3 days'),('2025-11-19'::timestamptz + INTERVAL '10 days'),'2025-11-19 09:00:00+00','2025-11-19 09:00:00+00','delivered','aaaaaaaa-0001-0001-0000-000000000001','aaaaaaaa-0001-0001-0000-000000000001','2025-11-19 09:00:00+00','chronic','2025-11-19'::date,'aaaaaaaa-0003-0001-0000-000000000002','aaaaaaaa-0001-0002-0000-000000000001',false,NULL,true),
  ('aaaaaaaa-0004-0008-0000-000000000008','SEED-20251122-0008','aaaaaaaa-0002-0000-0000-000000000002','stripe','paid','paid','delivered','delivered',NULL,'Seeded order #8','2025-11-22 09:00:00+00',('2025-11-22'::timestamptz + INTERVAL '3 days'),('2025-11-22'::timestamptz + INTERVAL '10 days'),'2025-11-22 09:00:00+00','2025-11-22 09:00:00+00','delivered','aaaaaaaa-0001-0001-0000-000000000001','aaaaaaaa-0001-0001-0000-000000000001','2025-11-22 09:00:00+00','acute','2025-11-22'::date,'aaaaaaaa-0003-0002-0000-000000000003','aaaaaaaa-0001-0002-0000-000000000002',false,NULL,true),
  ('aaaaaaaa-0004-0009-0000-000000000009','SEED-20251201-0009','aaaaaaaa-0002-0000-0000-000000000003','stripe','paid','paid','delivered','delivered',NULL,'Seeded order #9','2025-12-01 09:00:00+00',('2025-12-01'::timestamptz + INTERVAL '3 days'),('2025-12-01'::timestamptz + INTERVAL '10 days'),'2025-12-01 09:00:00+00','2025-12-01 09:00:00+00','delivered','aaaaaaaa-0001-0001-0000-000000000002','aaaaaaaa-0001-0001-0000-000000000002','2025-12-01 09:00:00+00','surgical','2025-12-01'::date,'aaaaaaaa-0003-0003-0000-000000000004','aaaaaaaa-0001-0002-0000-000000000003',false,NULL,true),
  ('aaaaaaaa-0004-0010-0000-000000000010','SEED-20251204-0010','aaaaaaaa-0002-0000-0000-000000000004','stripe','paid','paid','delivered','delivered',NULL,'Seeded order #10','2025-12-04 09:00:00+00',('2025-12-04'::timestamptz + INTERVAL '3 days'),('2025-12-04'::timestamptz + INTERVAL '10 days'),'2025-12-04 09:00:00+00','2025-12-04 09:00:00+00','delivered','aaaaaaaa-0001-0001-0000-000000000002','aaaaaaaa-0001-0001-0000-000000000002','2025-12-04 09:00:00+00','chronic','2025-12-04'::date,'aaaaaaaa-0003-0004-0000-000000000005','aaaaaaaa-0001-0002-0000-000000000001',false,NULL,true),
  ('aaaaaaaa-0004-0011-0000-000000000011','SEED-20251207-0011','aaaaaaaa-0002-0000-0000-000000000005','stripe','paid','paid','delivered','delivered',NULL,'Seeded order #11','2025-12-07 09:00:00+00',('2025-12-07'::timestamptz + INTERVAL '3 days'),('2025-12-07'::timestamptz + INTERVAL '10 days'),'2025-12-07 09:00:00+00','2025-12-07 09:00:00+00','delivered','aaaaaaaa-0001-0001-0000-000000000003','aaaaaaaa-0001-0001-0000-000000000003','2025-12-07 09:00:00+00','acute','2025-12-07'::date,'aaaaaaaa-0003-0005-0000-000000000001','aaaaaaaa-0001-0002-0000-000000000002',false,NULL,true),
  ('aaaaaaaa-0004-0012-0000-000000000012','SEED-20251210-0012','aaaaaaaa-0002-0000-0000-000000000006','stripe','paid','paid','delivered','delivered',NULL,'Seeded order #12','2025-12-10 09:00:00+00',('2025-12-10'::timestamptz + INTERVAL '3 days'),('2025-12-10'::timestamptz + INTERVAL '10 days'),'2025-12-10 09:00:00+00','2025-12-10 09:00:00+00','delivered','aaaaaaaa-0001-0001-0000-000000000003','aaaaaaaa-0001-0001-0000-000000000003','2025-12-10 09:00:00+00','surgical','2025-12-10'::date,'aaaaaaaa-0003-0006-0000-000000000002','aaaaaaaa-0001-0002-0000-000000000003',false,NULL,true),
  ('aaaaaaaa-0004-0013-0000-000000000013','SEED-20251213-0013','aaaaaaaa-0002-0000-0000-000000000001','stripe','paid','paid','delivered','delivered',NULL,'Seeded order #13','2025-12-13 09:00:00+00',('2025-12-13'::timestamptz + INTERVAL '3 days'),('2025-12-13'::timestamptz + INTERVAL '10 days'),'2025-12-13 09:00:00+00','2025-12-13 09:00:00+00','delivered','aaaaaaaa-0001-0001-0000-000000000001','aaaaaaaa-0001-0001-0000-000000000001','2025-12-13 09:00:00+00','chronic','2025-12-13'::date,'aaaaaaaa-0003-0001-0000-000000000003','aaaaaaaa-0001-0002-0000-000000000001',false,NULL,true),
  ('aaaaaaaa-0004-0014-0000-000000000014','SEED-20251216-0014','aaaaaaaa-0002-0000-0000-000000000002','stripe','paid','paid','delivered','delivered',NULL,'Seeded order #14','2025-12-16 09:00:00+00',('2025-12-16'::timestamptz + INTERVAL '3 days'),('2025-12-16'::timestamptz + INTERVAL '10 days'),'2025-12-16 09:00:00+00','2025-12-16 09:00:00+00','delivered','aaaaaaaa-0001-0001-0000-000000000001','aaaaaaaa-0001-0001-0000-000000000001','2025-12-16 09:00:00+00','acute','2025-12-16'::date,'aaaaaaaa-0003-0002-0000-000000000004','aaaaaaaa-0001-0002-0000-000000000002',false,NULL,true),
  ('aaaaaaaa-0004-0015-0000-000000000015','SEED-20251219-0015','aaaaaaaa-0002-0000-0000-000000000003','stripe','paid','paid','delivered','delivered',NULL,'Seeded order #15','2025-12-19 09:00:00+00',('2025-12-19'::timestamptz + INTERVAL '3 days'),('2025-12-19'::timestamptz + INTERVAL '10 days'),'2025-12-19 09:00:00+00','2025-12-19 09:00:00+00','delivered','aaaaaaaa-0001-0001-0000-000000000002','aaaaaaaa-0001-0001-0000-000000000002','2025-12-19 09:00:00+00','surgical','2025-12-19'::date,'aaaaaaaa-0003-0003-0000-000000000005','aaaaaaaa-0001-0002-0000-000000000003',false,NULL,true),
  ('aaaaaaaa-0004-0016-0000-000000000016','SEED-20251222-0016','aaaaaaaa-0002-0000-0000-000000000004','stripe','paid','paid','delivered','delivered',NULL,'Seeded order #16','2025-12-22 09:00:00+00',('2025-12-22'::timestamptz + INTERVAL '3 days'),('2025-12-22'::timestamptz + INTERVAL '10 days'),'2025-12-22 09:00:00+00','2025-12-22 09:00:00+00','delivered','aaaaaaaa-0001-0001-0000-000000000002','aaaaaaaa-0001-0001-0000-000000000002','2025-12-22 09:00:00+00','chronic','2025-12-22'::date,'aaaaaaaa-0003-0004-0000-000000000001','aaaaaaaa-0001-0002-0000-000000000001',false,NULL,true),
  ('aaaaaaaa-0004-0017-0000-000000000017','SEED-20251225-0017','aaaaaaaa-0002-0000-0000-000000000005','stripe','paid','paid','delivered','delivered',NULL,'Seeded order #17','2025-12-25 09:00:00+00',('2025-12-25'::timestamptz + INTERVAL '3 days'),('2025-12-25'::timestamptz + INTERVAL '10 days'),'2025-12-25 09:00:00+00','2025-12-25 09:00:00+00','delivered','aaaaaaaa-0001-0001-0000-000000000003','aaaaaaaa-0001-0001-0000-000000000003','2025-12-25 09:00:00+00','acute','2025-12-25'::date,'aaaaaaaa-0003-0005-0000-000000000002','aaaaaaaa-0001-0002-0000-000000000002',false,NULL,true),
  ('aaaaaaaa-0004-0018-0000-000000000018','SEED-20251202-0018','aaaaaaaa-0002-0000-0000-000000000006','stripe','paid','paid','delivered','delivered',NULL,'Seeded order #18','2025-12-02 09:00:00+00',('2025-12-02'::timestamptz + INTERVAL '3 days'),('2025-12-02'::timestamptz + INTERVAL '10 days'),'2025-12-02 09:00:00+00','2025-12-02 09:00:00+00','delivered','aaaaaaaa-0001-0001-0000-000000000003','aaaaaaaa-0001-0001-0000-000000000003','2025-12-02 09:00:00+00','surgical','2025-12-02'::date,'aaaaaaaa-0003-0006-0000-000000000003','aaaaaaaa-0001-0002-0000-000000000003',false,NULL,true),
  ('aaaaaaaa-0004-0019-0000-000000000019','SEED-20260101-0019','aaaaaaaa-0002-0000-0000-000000000001','stripe','paid','paid','delivered','delivered',NULL,'Seeded order #19','2026-01-01 09:00:00+00',('2026-01-01'::timestamptz + INTERVAL '3 days'),('2026-01-01'::timestamptz + INTERVAL '10 days'),'2026-01-01 09:00:00+00','2026-01-01 09:00:00+00','delivered','aaaaaaaa-0001-0001-0000-000000000001','aaaaaaaa-0001-0001-0000-000000000001','2026-01-01 09:00:00+00','chronic','2026-01-01'::date,'aaaaaaaa-0003-0001-0000-000000000004','aaaaaaaa-0001-0002-0000-000000000001',false,NULL,true),
  ('aaaaaaaa-0004-0020-0000-000000000020','SEED-20260104-0020','aaaaaaaa-0002-0000-0000-000000000002','stripe','paid','paid','delivered','delivered',NULL,'Seeded order #20','2026-01-04 09:00:00+00',('2026-01-04'::timestamptz + INTERVAL '3 days'),('2026-01-04'::timestamptz + INTERVAL '10 days'),'2026-01-04 09:00:00+00','2026-01-04 09:00:00+00','delivered','aaaaaaaa-0001-0001-0000-000000000001','aaaaaaaa-0001-0001-0000-000000000001','2026-01-04 09:00:00+00','acute','2026-01-04'::date,'aaaaaaaa-0003-0002-0000-000000000005','aaaaaaaa-0001-0002-0000-000000000002',false,NULL,true),
  ('aaaaaaaa-0004-0021-0000-000000000021','SEED-20260107-0021','aaaaaaaa-0002-0000-0000-000000000003','stripe','paid','paid','delivered','delivered',NULL,'Seeded order #21','2026-01-07 09:00:00+00',('2026-01-07'::timestamptz + INTERVAL '3 days'),('2026-01-07'::timestamptz + INTERVAL '10 days'),'2026-01-07 09:00:00+00','2026-01-07 09:00:00+00','delivered','aaaaaaaa-0001-0001-0000-000000000002','aaaaaaaa-0001-0001-0000-000000000002','2026-01-07 09:00:00+00','surgical','2026-01-07'::date,'aaaaaaaa-0003-0003-0000-000000000001','aaaaaaaa-0001-0002-0000-000000000003',false,NULL,true),
  ('aaaaaaaa-0004-0022-0000-000000000022','SEED-20260110-0022','aaaaaaaa-0002-0000-0000-000000000004','stripe','paid','paid','delivered','delivered',NULL,'Seeded order #22','2026-01-10 09:00:00+00',('2026-01-10'::timestamptz + INTERVAL '3 days'),('2026-01-10'::timestamptz + INTERVAL '10 days'),'2026-01-10 09:00:00+00','2026-01-10 09:00:00+00','delivered','aaaaaaaa-0001-0001-0000-000000000002','aaaaaaaa-0001-0001-0000-000000000002','2026-01-10 09:00:00+00','chronic','2026-01-10'::date,'aaaaaaaa-0003-0004-0000-000000000002','aaaaaaaa-0001-0002-0000-000000000001',false,NULL,true),
  ('aaaaaaaa-0004-0023-0000-000000000023','SEED-20260113-0023','aaaaaaaa-0002-0000-0000-000000000005','stripe','paid','paid','delivered','delivered',NULL,'Seeded order #23','2026-01-13 09:00:00+00',('2026-01-13'::timestamptz + INTERVAL '3 days'),('2026-01-13'::timestamptz + INTERVAL '10 days'),'2026-01-13 09:00:00+00','2026-01-13 09:00:00+00','delivered','aaaaaaaa-0001-0001-0000-000000000003','aaaaaaaa-0001-0001-0000-000000000003','2026-01-13 09:00:00+00','acute','2026-01-13'::date,'aaaaaaaa-0003-0005-0000-000000000003','aaaaaaaa-0001-0002-0000-000000000002',false,NULL,true),
  ('aaaaaaaa-0004-0024-0000-000000000024','SEED-20260116-0024','aaaaaaaa-0002-0000-0000-000000000006','stripe','paid','paid','delivered','delivered',NULL,'Seeded order #24','2026-01-16 09:00:00+00',('2026-01-16'::timestamptz + INTERVAL '3 days'),('2026-01-16'::timestamptz + INTERVAL '10 days'),'2026-01-16 09:00:00+00','2026-01-16 09:00:00+00','delivered','aaaaaaaa-0001-0001-0000-000000000003','aaaaaaaa-0001-0001-0000-000000000003','2026-01-16 09:00:00+00','surgical','2026-01-16'::date,'aaaaaaaa-0003-0006-0000-000000000004','aaaaaaaa-0001-0002-0000-000000000003',false,NULL,true),
  ('aaaaaaaa-0004-0025-0000-000000000025','SEED-20260119-0025','aaaaaaaa-0002-0000-0000-000000000001','stripe','paid','paid','delivered','delivered',NULL,'Seeded order #25','2026-01-19 09:00:00+00',('2026-01-19'::timestamptz + INTERVAL '3 days'),('2026-01-19'::timestamptz + INTERVAL '10 days'),'2026-01-19 09:00:00+00','2026-01-19 09:00:00+00','delivered','aaaaaaaa-0001-0001-0000-000000000001','aaaaaaaa-0001-0001-0000-000000000001','2026-01-19 09:00:00+00','chronic','2026-01-19'::date,'aaaaaaaa-0003-0001-0000-000000000005','aaaaaaaa-0001-0002-0000-000000000001',false,NULL,true),
  ('aaaaaaaa-0004-0026-0000-000000000026','SEED-20260122-0026','aaaaaaaa-0002-0000-0000-000000000002','stripe','paid','paid','delivered','delivered',NULL,'Seeded order #26','2026-01-22 09:00:00+00',('2026-01-22'::timestamptz + INTERVAL '3 days'),('2026-01-22'::timestamptz + INTERVAL '10 days'),'2026-01-22 09:00:00+00','2026-01-22 09:00:00+00','delivered','aaaaaaaa-0001-0001-0000-000000000001','aaaaaaaa-0001-0001-0000-000000000001','2026-01-22 09:00:00+00','acute','2026-01-22'::date,'aaaaaaaa-0003-0002-0000-000000000001','aaaaaaaa-0001-0002-0000-000000000002',false,NULL,true),
  ('aaaaaaaa-0004-0027-0000-000000000027','SEED-20260125-0027','aaaaaaaa-0002-0000-0000-000000000003','stripe','paid','paid','delivered','delivered',NULL,'Seeded order #27','2026-01-25 09:00:00+00',('2026-01-25'::timestamptz + INTERVAL '3 days'),('2026-01-25'::timestamptz + INTERVAL '10 days'),'2026-01-25 09:00:00+00','2026-01-25 09:00:00+00','delivered','aaaaaaaa-0001-0001-0000-000000000002','aaaaaaaa-0001-0001-0000-000000000002','2026-01-25 09:00:00+00','surgical','2026-01-25'::date,'aaaaaaaa-0003-0003-0000-000000000002','aaaaaaaa-0001-0002-0000-000000000003',false,NULL,true),
  ('aaaaaaaa-0004-0028-0000-000000000028','SEED-20260102-0028','aaaaaaaa-0002-0000-0000-000000000004','stripe','paid','paid','delivered','delivered',NULL,'Seeded order #28','2026-01-02 09:00:00+00',('2026-01-02'::timestamptz + INTERVAL '3 days'),('2026-01-02'::timestamptz + INTERVAL '10 days'),'2026-01-02 09:00:00+00','2026-01-02 09:00:00+00','delivered','aaaaaaaa-0001-0001-0000-000000000002','aaaaaaaa-0001-0001-0000-000000000002','2026-01-02 09:00:00+00','chronic','2026-01-02'::date,'aaaaaaaa-0003-0004-0000-000000000003','aaaaaaaa-0001-0002-0000-000000000001',false,NULL,true),
  ('aaaaaaaa-0004-0029-0000-000000000029','SEED-20260105-0029','aaaaaaaa-0002-0000-0000-000000000005','stripe','paid','paid','delivered','delivered',NULL,'Seeded order #29','2026-01-05 09:00:00+00',('2026-01-05'::timestamptz + INTERVAL '3 days'),('2026-01-05'::timestamptz + INTERVAL '10 days'),'2026-01-05 09:00:00+00','2026-01-05 09:00:00+00','delivered','aaaaaaaa-0001-0001-0000-000000000003','aaaaaaaa-0001-0001-0000-000000000003','2026-01-05 09:00:00+00','acute','2026-01-05'::date,'aaaaaaaa-0003-0005-0000-000000000004','aaaaaaaa-0001-0002-0000-000000000002',false,NULL,true),
  ('aaaaaaaa-0004-0030-0000-000000000030','SEED-20260108-0030','aaaaaaaa-0002-0000-0000-000000000006','stripe','paid','paid','delivered','delivered',NULL,'Seeded order #30','2026-01-08 09:00:00+00',('2026-01-08'::timestamptz + INTERVAL '3 days'),('2026-01-08'::timestamptz + INTERVAL '10 days'),'2026-01-08 09:00:00+00','2026-01-08 09:00:00+00','delivered','aaaaaaaa-0001-0001-0000-000000000003','aaaaaaaa-0001-0001-0000-000000000003','2026-01-08 09:00:00+00','surgical','2026-01-08'::date,'aaaaaaaa-0003-0006-0000-000000000005','aaaaaaaa-0001-0002-0000-000000000003',false,NULL,true),
  ('aaaaaaaa-0004-0031-0000-000000000031','SEED-20260111-0031','aaaaaaaa-0002-0000-0000-000000000001','stripe','paid','paid','delivered','delivered',NULL,'Seeded order #31','2026-01-11 09:00:00+00',('2026-01-11'::timestamptz + INTERVAL '3 days'),('2026-01-11'::timestamptz + INTERVAL '10 days'),'2026-01-11 09:00:00+00','2026-01-11 09:00:00+00','delivered','aaaaaaaa-0001-0001-0000-000000000001','aaaaaaaa-0001-0001-0000-000000000001','2026-01-11 09:00:00+00','chronic','2026-01-11'::date,'aaaaaaaa-0003-0001-0000-000000000001','aaaaaaaa-0001-0002-0000-000000000001',false,NULL,true),
  ('aaaaaaaa-0004-0032-0000-000000000032','SEED-20260114-0032','aaaaaaaa-0002-0000-0000-000000000002','stripe','paid','paid','delivered','delivered',NULL,'Seeded order #32','2026-01-14 09:00:00+00',('2026-01-14'::timestamptz + INTERVAL '3 days'),('2026-01-14'::timestamptz + INTERVAL '10 days'),'2026-01-14 09:00:00+00','2026-01-14 09:00:00+00','delivered','aaaaaaaa-0001-0001-0000-000000000001','aaaaaaaa-0001-0001-0000-000000000001','2026-01-14 09:00:00+00','acute','2026-01-14'::date,'aaaaaaaa-0003-0002-0000-000000000002','aaaaaaaa-0001-0002-0000-000000000002',false,NULL,true),
  ('aaaaaaaa-0004-0033-0000-000000000033','SEED-20260201-0033','aaaaaaaa-0002-0000-0000-000000000003','stripe','paid','paid','delivered','delivered',NULL,'Seeded order #33','2026-02-01 09:00:00+00',('2026-02-01'::timestamptz + INTERVAL '3 days'),('2026-02-01'::timestamptz + INTERVAL '10 days'),'2026-02-01 09:00:00+00','2026-02-01 09:00:00+00','delivered','aaaaaaaa-0001-0001-0000-000000000002','aaaaaaaa-0001-0001-0000-000000000002','2026-02-01 09:00:00+00','surgical','2026-02-01'::date,'aaaaaaaa-0003-0003-0000-000000000003','aaaaaaaa-0001-0002-0000-000000000003',false,NULL,true),
  ('aaaaaaaa-0004-0034-0000-000000000034','SEED-20260204-0034','aaaaaaaa-0002-0000-0000-000000000004','stripe','paid','paid','delivered','delivered',NULL,'Seeded order #34','2026-02-04 09:00:00+00',('2026-02-04'::timestamptz + INTERVAL '3 days'),('2026-02-04'::timestamptz + INTERVAL '10 days'),'2026-02-04 09:00:00+00','2026-02-04 09:00:00+00','delivered','aaaaaaaa-0001-0001-0000-000000000002','aaaaaaaa-0001-0001-0000-000000000002','2026-02-04 09:00:00+00','chronic','2026-02-04'::date,'aaaaaaaa-0003-0004-0000-000000000004','aaaaaaaa-0001-0002-0000-000000000001',false,NULL,true),
  ('aaaaaaaa-0004-0035-0000-000000000035','SEED-20260207-0035','aaaaaaaa-0002-0000-0000-000000000005','stripe','paid','paid','delivered','delivered',NULL,'Seeded order #35','2026-02-07 09:00:00+00',('2026-02-07'::timestamptz + INTERVAL '3 days'),('2026-02-07'::timestamptz + INTERVAL '10 days'),'2026-02-07 09:00:00+00','2026-02-07 09:00:00+00','delivered','aaaaaaaa-0001-0001-0000-000000000003','aaaaaaaa-0001-0001-0000-000000000003','2026-02-07 09:00:00+00','acute','2026-02-07'::date,'aaaaaaaa-0003-0005-0000-000000000005','aaaaaaaa-0001-0002-0000-000000000002',false,NULL,true),
  ('aaaaaaaa-0004-0036-0000-000000000036','SEED-20260210-0036','aaaaaaaa-0002-0000-0000-000000000006','stripe','paid','paid','delivered','delivered',NULL,'Seeded order #36','2026-02-10 09:00:00+00',('2026-02-10'::timestamptz + INTERVAL '3 days'),('2026-02-10'::timestamptz + INTERVAL '10 days'),'2026-02-10 09:00:00+00','2026-02-10 09:00:00+00','delivered','aaaaaaaa-0001-0001-0000-000000000003','aaaaaaaa-0001-0001-0000-000000000003','2026-02-10 09:00:00+00','surgical','2026-02-10'::date,'aaaaaaaa-0003-0006-0000-000000000001','aaaaaaaa-0001-0002-0000-000000000003',false,NULL,true),
  ('aaaaaaaa-0004-0037-0000-000000000037','SEED-20260213-0037','aaaaaaaa-0002-0000-0000-000000000001','stripe','paid','paid','delivered','delivered',NULL,'Seeded order #37','2026-02-13 09:00:00+00',('2026-02-13'::timestamptz + INTERVAL '3 days'),('2026-02-13'::timestamptz + INTERVAL '10 days'),'2026-02-13 09:00:00+00','2026-02-13 09:00:00+00','delivered','aaaaaaaa-0001-0001-0000-000000000001','aaaaaaaa-0001-0001-0000-000000000001','2026-02-13 09:00:00+00','chronic','2026-02-13'::date,'aaaaaaaa-0003-0001-0000-000000000002','aaaaaaaa-0001-0002-0000-000000000001',false,NULL,true),
  ('aaaaaaaa-0004-0038-0000-000000000038','SEED-20260216-0038','aaaaaaaa-0002-0000-0000-000000000002','stripe','paid','paid','delivered','delivered',NULL,'Seeded order #38','2026-02-16 09:00:00+00',('2026-02-16'::timestamptz + INTERVAL '3 days'),('2026-02-16'::timestamptz + INTERVAL '10 days'),'2026-02-16 09:00:00+00','2026-02-16 09:00:00+00','delivered','aaaaaaaa-0001-0001-0000-000000000001','aaaaaaaa-0001-0001-0000-000000000001','2026-02-16 09:00:00+00','acute','2026-02-16'::date,'aaaaaaaa-0003-0002-0000-000000000003','aaaaaaaa-0001-0002-0000-000000000002',false,NULL,true),
  ('aaaaaaaa-0004-0039-0000-000000000039','SEED-20260219-0039','aaaaaaaa-0002-0000-0000-000000000003','stripe','paid','paid','delivered','delivered',NULL,'Seeded order #39','2026-02-19 09:00:00+00',('2026-02-19'::timestamptz + INTERVAL '3 days'),('2026-02-19'::timestamptz + INTERVAL '10 days'),'2026-02-19 09:00:00+00','2026-02-19 09:00:00+00','delivered','aaaaaaaa-0001-0001-0000-000000000002','aaaaaaaa-0001-0001-0000-000000000002','2026-02-19 09:00:00+00','surgical','2026-02-19'::date,'aaaaaaaa-0003-0003-0000-000000000004','aaaaaaaa-0001-0002-0000-000000000003',false,NULL,true),
  ('aaaaaaaa-0004-0040-0000-000000000040','SEED-20260222-0040','aaaaaaaa-0002-0000-0000-000000000004','stripe','paid','paid','delivered','delivered',NULL,'Seeded order #40','2026-02-22 09:00:00+00',('2026-02-22'::timestamptz + INTERVAL '3 days'),('2026-02-22'::timestamptz + INTERVAL '10 days'),'2026-02-22 09:00:00+00','2026-02-22 09:00:00+00','delivered','aaaaaaaa-0001-0001-0000-000000000002','aaaaaaaa-0001-0001-0000-000000000002','2026-02-22 09:00:00+00','chronic','2026-02-22'::date,'aaaaaaaa-0003-0004-0000-000000000005','aaaaaaaa-0001-0002-0000-000000000001',false,NULL,true),
  ('aaaaaaaa-0004-0041-0000-000000000041','SEED-20260225-0041','aaaaaaaa-0002-0000-0000-000000000005','stripe','paid','paid','delivered','delivered',NULL,'Seeded order #41','2026-02-25 09:00:00+00',('2026-02-25'::timestamptz + INTERVAL '3 days'),('2026-02-25'::timestamptz + INTERVAL '10 days'),'2026-02-25 09:00:00+00','2026-02-25 09:00:00+00','delivered','aaaaaaaa-0001-0001-0000-000000000003','aaaaaaaa-0001-0001-0000-000000000003','2026-02-25 09:00:00+00','acute','2026-02-25'::date,'aaaaaaaa-0003-0005-0000-000000000001','aaaaaaaa-0001-0002-0000-000000000002',false,NULL,true),
  ('aaaaaaaa-0004-0042-0000-000000000042','SEED-20260202-0042','aaaaaaaa-0002-0000-0000-000000000006','stripe','paid','paid','delivered','delivered',NULL,'Seeded order #42','2026-02-02 09:00:00+00',('2026-02-02'::timestamptz + INTERVAL '3 days'),('2026-02-02'::timestamptz + INTERVAL '10 days'),'2026-02-02 09:00:00+00','2026-02-02 09:00:00+00','delivered','aaaaaaaa-0001-0001-0000-000000000003','aaaaaaaa-0001-0001-0000-000000000003','2026-02-02 09:00:00+00','surgical','2026-02-02'::date,'aaaaaaaa-0003-0006-0000-000000000002','aaaaaaaa-0001-0002-0000-000000000003',false,NULL,true),
  ('aaaaaaaa-0004-0043-0000-000000000043','SEED-20260205-0043','aaaaaaaa-0002-0000-0000-000000000001','stripe','paid','paid','delivered','delivered',NULL,'Seeded order #43','2026-02-05 09:00:00+00',('2026-02-05'::timestamptz + INTERVAL '3 days'),('2026-02-05'::timestamptz + INTERVAL '10 days'),'2026-02-05 09:00:00+00','2026-02-05 09:00:00+00','delivered','aaaaaaaa-0001-0001-0000-000000000001','aaaaaaaa-0001-0001-0000-000000000001','2026-02-05 09:00:00+00','chronic','2026-02-05'::date,'aaaaaaaa-0003-0001-0000-000000000003','aaaaaaaa-0001-0002-0000-000000000001',false,NULL,true),
  ('aaaaaaaa-0004-0044-0000-000000000044','SEED-20260208-0044','aaaaaaaa-0002-0000-0000-000000000002','stripe','paid','paid','delivered','delivered',NULL,'Seeded order #44','2026-02-08 09:00:00+00',('2026-02-08'::timestamptz + INTERVAL '3 days'),('2026-02-08'::timestamptz + INTERVAL '10 days'),'2026-02-08 09:00:00+00','2026-02-08 09:00:00+00','delivered','aaaaaaaa-0001-0001-0000-000000000001','aaaaaaaa-0001-0001-0000-000000000001','2026-02-08 09:00:00+00','acute','2026-02-08'::date,'aaaaaaaa-0003-0002-0000-000000000004','aaaaaaaa-0001-0002-0000-000000000002',false,NULL,true),
  ('aaaaaaaa-0004-0045-0000-000000000045','SEED-20260211-0045','aaaaaaaa-0002-0000-0000-000000000003','stripe','paid','paid','delivered','delivered',NULL,'Seeded order #45','2026-02-11 09:00:00+00',('2026-02-11'::timestamptz + INTERVAL '3 days'),('2026-02-11'::timestamptz + INTERVAL '10 days'),'2026-02-11 09:00:00+00','2026-02-11 09:00:00+00','delivered','aaaaaaaa-0001-0001-0000-000000000002','aaaaaaaa-0001-0001-0000-000000000002','2026-02-11 09:00:00+00','surgical','2026-02-11'::date,'aaaaaaaa-0003-0003-0000-000000000005','aaaaaaaa-0001-0002-0000-000000000003',false,NULL,true),
  ('aaaaaaaa-0004-0046-0000-000000000046','SEED-20260214-0046','aaaaaaaa-0002-0000-0000-000000000004','stripe','paid','paid','delivered','delivered',NULL,'Seeded order #46','2026-02-14 09:00:00+00',('2026-02-14'::timestamptz + INTERVAL '3 days'),('2026-02-14'::timestamptz + INTERVAL '10 days'),'2026-02-14 09:00:00+00','2026-02-14 09:00:00+00','delivered','aaaaaaaa-0001-0001-0000-000000000002','aaaaaaaa-0001-0001-0000-000000000002','2026-02-14 09:00:00+00','chronic','2026-02-14'::date,'aaaaaaaa-0003-0004-0000-000000000001','aaaaaaaa-0001-0002-0000-000000000001',false,NULL,true),
  ('aaaaaaaa-0004-0047-0000-000000000047','SEED-20260217-0047','aaaaaaaa-0002-0000-0000-000000000005','stripe','paid','paid','delivered','delivered',NULL,'Seeded order #47','2026-02-17 09:00:00+00',('2026-02-17'::timestamptz + INTERVAL '3 days'),('2026-02-17'::timestamptz + INTERVAL '10 days'),'2026-02-17 09:00:00+00','2026-02-17 09:00:00+00','delivered','aaaaaaaa-0001-0001-0000-000000000003','aaaaaaaa-0001-0001-0000-000000000003','2026-02-17 09:00:00+00','acute','2026-02-17'::date,'aaaaaaaa-0003-0005-0000-000000000002','aaaaaaaa-0001-0002-0000-000000000002',false,NULL,true),
  ('aaaaaaaa-0004-0048-0000-000000000048','SEED-20260220-0048','aaaaaaaa-0002-0000-0000-000000000006',NULL,'pending','not_applicable','pending','not_shipped',NULL,'Seeded order #48','2026-02-20 09:00:00+00',NULL,NULL,'2026-02-20 09:00:00+00','2026-02-20 09:00:00+00','canceled','aaaaaaaa-0001-0001-0000-000000000003','aaaaaaaa-0001-0001-0000-000000000003','2026-02-20 09:00:00+00','surgical','2026-02-20'::date,'aaaaaaaa-0003-0006-0000-000000000003','aaaaaaaa-0001-0002-0000-000000000003',false,NULL,false),
  ('aaaaaaaa-0004-0049-0000-000000000049','SEED-20260223-0049','aaaaaaaa-0002-0000-0000-000000000001',NULL,'pending','not_applicable','pending','not_shipped',NULL,'Seeded order #49','2026-02-23 09:00:00+00',NULL,NULL,'2026-02-23 09:00:00+00','2026-02-23 09:00:00+00','canceled','aaaaaaaa-0001-0001-0000-000000000001','aaaaaaaa-0001-0001-0000-000000000001','2026-02-23 09:00:00+00','chronic','2026-02-23'::date,'aaaaaaaa-0003-0001-0000-000000000004','aaaaaaaa-0001-0002-0000-000000000001',false,NULL,false),
  ('aaaaaaaa-0004-0050-0000-000000000050','SEED-20260226-0050','aaaaaaaa-0002-0000-0000-000000000002',NULL,'pending','not_applicable','pending','not_shipped',NULL,'Seeded order #50','2026-02-26 09:00:00+00',NULL,NULL,'2026-02-26 09:00:00+00','2026-02-26 09:00:00+00','canceled','aaaaaaaa-0001-0001-0000-000000000001','aaaaaaaa-0001-0001-0000-000000000001','2026-02-26 09:00:00+00','acute','2026-02-26'::date,'aaaaaaaa-0003-0002-0000-000000000005','aaaaaaaa-0001-0002-0000-000000000002',false,NULL,false),
  ('aaaaaaaa-0004-0051-0000-000000000051','SEED-20260301-0051','aaaaaaaa-0002-0000-0000-000000000003','stripe','paid','paid','delivered','delivered',NULL,'Seeded order #51','2026-03-01 09:00:00+00',('2026-03-01'::timestamptz + INTERVAL '3 days'),('2026-03-01'::timestamptz + INTERVAL '10 days'),'2026-03-01 09:00:00+00','2026-03-01 09:00:00+00','delivered','aaaaaaaa-0001-0001-0000-000000000002','aaaaaaaa-0001-0001-0000-000000000002','2026-03-01 09:00:00+00','surgical','2026-03-01'::date,'aaaaaaaa-0003-0003-0000-000000000001','aaaaaaaa-0001-0002-0000-000000000003',false,NULL,true),
  ('aaaaaaaa-0004-0052-0000-000000000052','SEED-20260304-0052','aaaaaaaa-0002-0000-0000-000000000004','stripe','paid','paid','delivered','delivered',NULL,'Seeded order #52','2026-03-04 09:00:00+00',('2026-03-04'::timestamptz + INTERVAL '3 days'),('2026-03-04'::timestamptz + INTERVAL '10 days'),'2026-03-04 09:00:00+00','2026-03-04 09:00:00+00','delivered','aaaaaaaa-0001-0001-0000-000000000002','aaaaaaaa-0001-0001-0000-000000000002','2026-03-04 09:00:00+00','chronic','2026-03-04'::date,'aaaaaaaa-0003-0004-0000-000000000002','aaaaaaaa-0001-0002-0000-000000000001',false,NULL,true),
  ('aaaaaaaa-0004-0053-0000-000000000053','SEED-20260307-0053','aaaaaaaa-0002-0000-0000-000000000005','stripe','paid','paid','delivered','delivered',NULL,'Seeded order #53','2026-03-07 09:00:00+00',('2026-03-07'::timestamptz + INTERVAL '3 days'),('2026-03-07'::timestamptz + INTERVAL '10 days'),'2026-03-07 09:00:00+00','2026-03-07 09:00:00+00','delivered','aaaaaaaa-0001-0001-0000-000000000003','aaaaaaaa-0001-0001-0000-000000000003','2026-03-07 09:00:00+00','acute','2026-03-07'::date,'aaaaaaaa-0003-0005-0000-000000000003','aaaaaaaa-0001-0002-0000-000000000002',false,NULL,true),
  ('aaaaaaaa-0004-0054-0000-000000000054','SEED-20260310-0054','aaaaaaaa-0002-0000-0000-000000000006','stripe','paid','paid','delivered','delivered',NULL,'Seeded order #54','2026-03-10 09:00:00+00',('2026-03-10'::timestamptz + INTERVAL '3 days'),('2026-03-10'::timestamptz + INTERVAL '10 days'),'2026-03-10 09:00:00+00','2026-03-10 09:00:00+00','delivered','aaaaaaaa-0001-0001-0000-000000000003','aaaaaaaa-0001-0001-0000-000000000003','2026-03-10 09:00:00+00','surgical','2026-03-10'::date,'aaaaaaaa-0003-0006-0000-000000000004','aaaaaaaa-0001-0002-0000-000000000003',false,NULL,true),
  ('aaaaaaaa-0004-0055-0000-000000000055','SEED-20260313-0055','aaaaaaaa-0002-0000-0000-000000000001','stripe','paid','paid','delivered','delivered',NULL,'Seeded order #55','2026-03-13 09:00:00+00',('2026-03-13'::timestamptz + INTERVAL '3 days'),('2026-03-13'::timestamptz + INTERVAL '10 days'),'2026-03-13 09:00:00+00','2026-03-13 09:00:00+00','delivered','aaaaaaaa-0001-0001-0000-000000000001','aaaaaaaa-0001-0001-0000-000000000001','2026-03-13 09:00:00+00','chronic','2026-03-13'::date,'aaaaaaaa-0003-0001-0000-000000000005','aaaaaaaa-0001-0002-0000-000000000001',false,NULL,true),
  ('aaaaaaaa-0004-0056-0000-000000000056','SEED-20260316-0056','aaaaaaaa-0002-0000-0000-000000000002','stripe','paid','paid','delivered','delivered',NULL,'Seeded order #56','2026-03-16 09:00:00+00',('2026-03-16'::timestamptz + INTERVAL '3 days'),('2026-03-16'::timestamptz + INTERVAL '10 days'),'2026-03-16 09:00:00+00','2026-03-16 09:00:00+00','delivered','aaaaaaaa-0001-0001-0000-000000000001','aaaaaaaa-0001-0001-0000-000000000001','2026-03-16 09:00:00+00','acute','2026-03-16'::date,'aaaaaaaa-0003-0002-0000-000000000001','aaaaaaaa-0001-0002-0000-000000000002',false,NULL,true),
  ('aaaaaaaa-0004-0057-0000-000000000057','SEED-20260319-0057','aaaaaaaa-0002-0000-0000-000000000003','stripe','paid','paid','delivered','delivered',NULL,'Seeded order #57','2026-03-19 09:00:00+00',('2026-03-19'::timestamptz + INTERVAL '3 days'),('2026-03-19'::timestamptz + INTERVAL '10 days'),'2026-03-19 09:00:00+00','2026-03-19 09:00:00+00','delivered','aaaaaaaa-0001-0001-0000-000000000002','aaaaaaaa-0001-0001-0000-000000000002','2026-03-19 09:00:00+00','surgical','2026-03-19'::date,'aaaaaaaa-0003-0003-0000-000000000002','aaaaaaaa-0001-0002-0000-000000000003',false,NULL,true),
  ('aaaaaaaa-0004-0058-0000-000000000058','SEED-20260322-0058','aaaaaaaa-0002-0000-0000-000000000004','stripe','paid','paid','delivered','delivered',NULL,'Seeded order #58','2026-03-22 09:00:00+00',('2026-03-22'::timestamptz + INTERVAL '3 days'),('2026-03-22'::timestamptz + INTERVAL '10 days'),'2026-03-22 09:00:00+00','2026-03-22 09:00:00+00','delivered','aaaaaaaa-0001-0001-0000-000000000002','aaaaaaaa-0001-0001-0000-000000000002','2026-03-22 09:00:00+00','chronic','2026-03-22'::date,'aaaaaaaa-0003-0004-0000-000000000003','aaaaaaaa-0001-0002-0000-000000000001',false,NULL,true),
  ('aaaaaaaa-0004-0059-0000-000000000059','SEED-20260325-0059','aaaaaaaa-0002-0000-0000-000000000005','stripe','paid','paid','delivered','delivered',NULL,'Seeded order #59','2026-03-25 09:00:00+00',('2026-03-25'::timestamptz + INTERVAL '3 days'),('2026-03-25'::timestamptz + INTERVAL '10 days'),'2026-03-25 09:00:00+00','2026-03-25 09:00:00+00','delivered','aaaaaaaa-0001-0001-0000-000000000003','aaaaaaaa-0001-0001-0000-000000000003','2026-03-25 09:00:00+00','acute','2026-03-25'::date,'aaaaaaaa-0003-0005-0000-000000000004','aaaaaaaa-0001-0002-0000-000000000002',false,NULL,true),
  ('aaaaaaaa-0004-0060-0000-000000000060','SEED-20260302-0060','aaaaaaaa-0002-0000-0000-000000000006','stripe','paid','paid','delivered','delivered',NULL,'Seeded order #60','2026-03-02 09:00:00+00',('2026-03-02'::timestamptz + INTERVAL '3 days'),('2026-03-02'::timestamptz + INTERVAL '10 days'),'2026-03-02 09:00:00+00','2026-03-02 09:00:00+00','delivered','aaaaaaaa-0001-0001-0000-000000000003','aaaaaaaa-0001-0001-0000-000000000003','2026-03-02 09:00:00+00','surgical','2026-03-02'::date,'aaaaaaaa-0003-0006-0000-000000000005','aaaaaaaa-0001-0002-0000-000000000003',false,NULL,true),
  ('aaaaaaaa-0004-0061-0000-000000000061','SEED-20260305-0061','aaaaaaaa-0002-0000-0000-000000000001','stripe','paid','paid','delivered','delivered',NULL,'Seeded order #61','2026-03-05 09:00:00+00',('2026-03-05'::timestamptz + INTERVAL '3 days'),('2026-03-05'::timestamptz + INTERVAL '10 days'),'2026-03-05 09:00:00+00','2026-03-05 09:00:00+00','delivered','aaaaaaaa-0001-0001-0000-000000000001','aaaaaaaa-0001-0001-0000-000000000001','2026-03-05 09:00:00+00','chronic','2026-03-05'::date,'aaaaaaaa-0003-0001-0000-000000000001','aaaaaaaa-0001-0002-0000-000000000001',false,NULL,true),
  ('aaaaaaaa-0004-0062-0000-000000000062','SEED-20260308-0062','aaaaaaaa-0002-0000-0000-000000000002','stripe','paid','paid','delivered','delivered',NULL,'Seeded order #62','2026-03-08 09:00:00+00',('2026-03-08'::timestamptz + INTERVAL '3 days'),('2026-03-08'::timestamptz + INTERVAL '10 days'),'2026-03-08 09:00:00+00','2026-03-08 09:00:00+00','delivered','aaaaaaaa-0001-0001-0000-000000000001','aaaaaaaa-0001-0001-0000-000000000001','2026-03-08 09:00:00+00','acute','2026-03-08'::date,'aaaaaaaa-0003-0002-0000-000000000002','aaaaaaaa-0001-0002-0000-000000000002',false,NULL,true),
  ('aaaaaaaa-0004-0063-0000-000000000063','SEED-20260311-0063','aaaaaaaa-0002-0000-0000-000000000003','stripe','paid','paid','delivered','delivered',NULL,'Seeded order #63','2026-03-11 09:00:00+00',('2026-03-11'::timestamptz + INTERVAL '3 days'),('2026-03-11'::timestamptz + INTERVAL '10 days'),'2026-03-11 09:00:00+00','2026-03-11 09:00:00+00','delivered','aaaaaaaa-0001-0001-0000-000000000002','aaaaaaaa-0001-0001-0000-000000000002','2026-03-11 09:00:00+00','surgical','2026-03-11'::date,'aaaaaaaa-0003-0003-0000-000000000003','aaaaaaaa-0001-0002-0000-000000000003',false,NULL,true),
  ('aaaaaaaa-0004-0064-0000-000000000064','SEED-20260314-0064','aaaaaaaa-0002-0000-0000-000000000004','stripe','paid','paid','delivered','delivered',NULL,'Seeded order #64','2026-03-14 09:00:00+00',('2026-03-14'::timestamptz + INTERVAL '3 days'),('2026-03-14'::timestamptz + INTERVAL '10 days'),'2026-03-14 09:00:00+00','2026-03-14 09:00:00+00','delivered','aaaaaaaa-0001-0001-0000-000000000002','aaaaaaaa-0001-0001-0000-000000000002','2026-03-14 09:00:00+00','chronic','2026-03-14'::date,'aaaaaaaa-0003-0004-0000-000000000004','aaaaaaaa-0001-0002-0000-000000000001',false,NULL,true),
  ('aaaaaaaa-0004-0065-0000-000000000065','SEED-20260317-0065','aaaaaaaa-0002-0000-0000-000000000005','stripe','paid','paid','delivered','delivered',NULL,'Seeded order #65','2026-03-17 09:00:00+00',('2026-03-17'::timestamptz + INTERVAL '3 days'),('2026-03-17'::timestamptz + INTERVAL '10 days'),'2026-03-17 09:00:00+00','2026-03-17 09:00:00+00','delivered','aaaaaaaa-0001-0001-0000-000000000003','aaaaaaaa-0001-0001-0000-000000000003','2026-03-17 09:00:00+00','acute','2026-03-17'::date,'aaaaaaaa-0003-0005-0000-000000000005','aaaaaaaa-0001-0002-0000-000000000002',false,NULL,true),
  ('aaaaaaaa-0004-0066-0000-000000000066','SEED-20260320-0066','aaaaaaaa-0002-0000-0000-000000000006','stripe','paid','paid','shipped','shipped',NULL,'Seeded order #66','2026-03-20 09:00:00+00',('2026-03-20'::timestamptz + INTERVAL '3 days'),NULL,'2026-03-20 09:00:00+00','2026-03-20 09:00:00+00','shipped','aaaaaaaa-0001-0001-0000-000000000003','aaaaaaaa-0001-0001-0000-000000000003','2026-03-20 09:00:00+00','surgical','2026-03-20'::date,'aaaaaaaa-0003-0006-0000-000000000001','aaaaaaaa-0001-0002-0000-000000000003',false,NULL,true),
  ('aaaaaaaa-0004-0067-0000-000000000067','SEED-20260323-0067','aaaaaaaa-0002-0000-0000-000000000001','stripe','paid','paid','shipped','shipped',NULL,'Seeded order #67','2026-03-23 09:00:00+00',('2026-03-23'::timestamptz + INTERVAL '3 days'),NULL,'2026-03-23 09:00:00+00','2026-03-23 09:00:00+00','shipped','aaaaaaaa-0001-0001-0000-000000000001','aaaaaaaa-0001-0001-0000-000000000001','2026-03-23 09:00:00+00','chronic','2026-03-23'::date,'aaaaaaaa-0003-0001-0000-000000000002','aaaaaaaa-0001-0002-0000-000000000001',false,NULL,true),
  ('aaaaaaaa-0004-0068-0000-000000000068','SEED-20260326-0068','aaaaaaaa-0002-0000-0000-000000000002','stripe','paid','paid','shipped','shipped',NULL,'Seeded order #68','2026-03-26 09:00:00+00',('2026-03-26'::timestamptz + INTERVAL '3 days'),NULL,'2026-03-26 09:00:00+00','2026-03-26 09:00:00+00','shipped','aaaaaaaa-0001-0001-0000-000000000001','aaaaaaaa-0001-0001-0000-000000000001','2026-03-26 09:00:00+00','acute','2026-03-26'::date,'aaaaaaaa-0003-0002-0000-000000000003','aaaaaaaa-0001-0002-0000-000000000002',false,NULL,true),
  ('aaaaaaaa-0004-0069-0000-000000000069','SEED-20260303-0069','aaaaaaaa-0002-0000-0000-000000000003','stripe','paid','paid','shipped','shipped',NULL,'Seeded order #69','2026-03-03 09:00:00+00',('2026-03-03'::timestamptz + INTERVAL '3 days'),NULL,'2026-03-03 09:00:00+00','2026-03-03 09:00:00+00','shipped','aaaaaaaa-0001-0001-0000-000000000002','aaaaaaaa-0001-0001-0000-000000000002','2026-03-03 09:00:00+00','surgical','2026-03-03'::date,'aaaaaaaa-0003-0003-0000-000000000004','aaaaaaaa-0001-0002-0000-000000000003',false,NULL,true),
  ('aaaaaaaa-0004-0070-0000-000000000070','SEED-20260306-0070','aaaaaaaa-0002-0000-0000-000000000004','stripe','paid','paid','processing','not_shipped',NULL,'Seeded order #70','2026-03-06 09:00:00+00',('2026-03-06'::timestamptz + INTERVAL '3 days'),NULL,'2026-03-06 09:00:00+00','2026-03-06 09:00:00+00','approved','aaaaaaaa-0001-0001-0000-000000000002','aaaaaaaa-0001-0001-0000-000000000002','2026-03-06 09:00:00+00','chronic','2026-03-06'::date,'aaaaaaaa-0003-0004-0000-000000000005','aaaaaaaa-0001-0002-0000-000000000001',false,NULL,false),
  ('aaaaaaaa-0004-0071-0000-000000000071','SEED-20260309-0071','aaaaaaaa-0002-0000-0000-000000000005','stripe','paid','paid','processing','not_shipped',NULL,'Seeded order #71','2026-03-09 09:00:00+00',('2026-03-09'::timestamptz + INTERVAL '3 days'),NULL,'2026-03-09 09:00:00+00','2026-03-09 09:00:00+00','approved','aaaaaaaa-0001-0001-0000-000000000003','aaaaaaaa-0001-0001-0000-000000000003','2026-03-09 09:00:00+00','acute','2026-03-09'::date,'aaaaaaaa-0003-0005-0000-000000000001','aaaaaaaa-0001-0002-0000-000000000002',false,NULL,false),
  ('aaaaaaaa-0004-0072-0000-000000000072','SEED-20260312-0072','aaaaaaaa-0002-0000-0000-000000000006',NULL,'pending','not_applicable','pending','not_shipped',NULL,'Seeded order #72','2026-03-12 09:00:00+00',NULL,NULL,'2026-03-12 09:00:00+00','2026-03-12 09:00:00+00','canceled','aaaaaaaa-0001-0001-0000-000000000003','aaaaaaaa-0001-0001-0000-000000000003','2026-03-12 09:00:00+00','surgical','2026-03-12'::date,'aaaaaaaa-0003-0006-0000-000000000002','aaaaaaaa-0001-0002-0000-000000000003',false,NULL,false),
  ('aaaaaaaa-0004-0073-0000-000000000073','SEED-20260401-0073','aaaaaaaa-0002-0000-0000-000000000001','stripe','paid','paid','shipped','shipped',NULL,'Seeded order #73','2026-04-01 09:00:00+00',('2026-04-01'::timestamptz + INTERVAL '3 days'),NULL,'2026-04-01 09:00:00+00','2026-04-01 09:00:00+00','shipped','aaaaaaaa-0001-0001-0000-000000000001','aaaaaaaa-0001-0001-0000-000000000001','2026-04-01 09:00:00+00','chronic','2026-04-01'::date,'aaaaaaaa-0003-0001-0000-000000000003','aaaaaaaa-0001-0002-0000-000000000001',false,NULL,true),
  ('aaaaaaaa-0004-0074-0000-000000000074','SEED-20260404-0074','aaaaaaaa-0002-0000-0000-000000000002','stripe','paid','paid','shipped','shipped',NULL,'Seeded order #74','2026-04-04 09:00:00+00',('2026-04-04'::timestamptz + INTERVAL '3 days'),NULL,'2026-04-04 09:00:00+00','2026-04-04 09:00:00+00','shipped','aaaaaaaa-0001-0001-0000-000000000001','aaaaaaaa-0001-0001-0000-000000000001','2026-04-04 09:00:00+00','acute','2026-04-04'::date,'aaaaaaaa-0003-0002-0000-000000000004','aaaaaaaa-0001-0002-0000-000000000002',false,NULL,true),
  ('aaaaaaaa-0004-0075-0000-000000000075','SEED-20260407-0075','aaaaaaaa-0002-0000-0000-000000000003','stripe','paid','paid','shipped','shipped',NULL,'Seeded order #75','2026-04-07 09:00:00+00',('2026-04-07'::timestamptz + INTERVAL '3 days'),NULL,'2026-04-07 09:00:00+00','2026-04-07 09:00:00+00','shipped','aaaaaaaa-0001-0001-0000-000000000002','aaaaaaaa-0001-0001-0000-000000000002','2026-04-07 09:00:00+00','surgical','2026-04-07'::date,'aaaaaaaa-0003-0003-0000-000000000005','aaaaaaaa-0001-0002-0000-000000000003',false,NULL,true),
  ('aaaaaaaa-0004-0076-0000-000000000076','SEED-20260410-0076','aaaaaaaa-0002-0000-0000-000000000004','stripe','paid','paid','shipped','shipped',NULL,'Seeded order #76','2026-04-10 09:00:00+00',('2026-04-10'::timestamptz + INTERVAL '3 days'),NULL,'2026-04-10 09:00:00+00','2026-04-10 09:00:00+00','shipped','aaaaaaaa-0001-0001-0000-000000000002','aaaaaaaa-0001-0001-0000-000000000002','2026-04-10 09:00:00+00','chronic','2026-04-10'::date,'aaaaaaaa-0003-0004-0000-000000000001','aaaaaaaa-0001-0002-0000-000000000001',false,NULL,true),
  ('aaaaaaaa-0004-0077-0000-000000000077','SEED-20260413-0077','aaaaaaaa-0002-0000-0000-000000000005','stripe','paid','paid','processing','not_shipped',NULL,'Seeded order #77','2026-04-13 09:00:00+00',('2026-04-13'::timestamptz + INTERVAL '3 days'),NULL,'2026-04-13 09:00:00+00','2026-04-13 09:00:00+00','approved','aaaaaaaa-0001-0001-0000-000000000003','aaaaaaaa-0001-0001-0000-000000000003','2026-04-13 09:00:00+00','acute','2026-04-13'::date,'aaaaaaaa-0003-0005-0000-000000000002','aaaaaaaa-0001-0002-0000-000000000002',false,NULL,false),
  ('aaaaaaaa-0004-0078-0000-000000000078','SEED-20260416-0078','aaaaaaaa-0002-0000-0000-000000000006','stripe','paid','paid','processing','not_shipped',NULL,'Seeded order #78','2026-04-16 09:00:00+00',('2026-04-16'::timestamptz + INTERVAL '3 days'),NULL,'2026-04-16 09:00:00+00','2026-04-16 09:00:00+00','approved','aaaaaaaa-0001-0001-0000-000000000003','aaaaaaaa-0001-0001-0000-000000000003','2026-04-16 09:00:00+00','surgical','2026-04-16'::date,'aaaaaaaa-0003-0006-0000-000000000003','aaaaaaaa-0001-0002-0000-000000000003',false,NULL,false),
  ('aaaaaaaa-0004-0079-0000-000000000079','SEED-20260419-0079','aaaaaaaa-0002-0000-0000-000000000001','stripe','paid','paid','processing','not_shipped',NULL,'Seeded order #79','2026-04-19 09:00:00+00',('2026-04-19'::timestamptz + INTERVAL '3 days'),NULL,'2026-04-19 09:00:00+00','2026-04-19 09:00:00+00','approved','aaaaaaaa-0001-0001-0000-000000000001','aaaaaaaa-0001-0001-0000-000000000001','2026-04-19 09:00:00+00','chronic','2026-04-19'::date,'aaaaaaaa-0003-0001-0000-000000000004','aaaaaaaa-0001-0002-0000-000000000001',false,NULL,false),
  ('aaaaaaaa-0004-0080-0000-000000000080','SEED-20260422-0080','aaaaaaaa-0002-0000-0000-000000000002','stripe','paid','paid','processing','not_shipped',NULL,'Seeded order #80','2026-04-22 09:00:00+00',('2026-04-22'::timestamptz + INTERVAL '3 days'),NULL,'2026-04-22 09:00:00+00','2026-04-22 09:00:00+00','approved','aaaaaaaa-0001-0001-0000-000000000001','aaaaaaaa-0001-0001-0000-000000000001','2026-04-22 09:00:00+00','acute','2026-04-22'::date,'aaaaaaaa-0003-0002-0000-000000000005','aaaaaaaa-0001-0002-0000-000000000002',false,NULL,false),
  ('aaaaaaaa-0004-0081-0000-000000000081','SEED-20260425-0081','aaaaaaaa-0002-0000-0000-000000000003','stripe','paid','paid','processing','not_shipped',NULL,'Seeded order #81','2026-04-25 09:00:00+00',('2026-04-25'::timestamptz + INTERVAL '3 days'),NULL,'2026-04-25 09:00:00+00','2026-04-25 09:00:00+00','approved','aaaaaaaa-0001-0001-0000-000000000002','aaaaaaaa-0001-0001-0000-000000000002','2026-04-25 09:00:00+00','surgical','2026-04-25'::date,'aaaaaaaa-0003-0003-0000-000000000001','aaaaaaaa-0001-0002-0000-000000000003',false,NULL,false),
  ('aaaaaaaa-0004-0082-0000-000000000082','SEED-20260402-0082','aaaaaaaa-0002-0000-0000-000000000004',NULL,'pending','not_applicable','pending','not_shipped',NULL,'Seeded order #82','2026-04-02 09:00:00+00',NULL,NULL,'2026-04-02 09:00:00+00','2026-04-02 09:00:00+00','manufacturer_review','aaaaaaaa-0001-0001-0000-000000000002','aaaaaaaa-0001-0001-0000-000000000002','2026-04-02 09:00:00+00','chronic','2026-04-02'::date,'aaaaaaaa-0003-0004-0000-000000000002','aaaaaaaa-0001-0002-0000-000000000001',false,NULL,false),
  ('aaaaaaaa-0004-0083-0000-000000000083','SEED-20260405-0083','aaaaaaaa-0002-0000-0000-000000000005',NULL,'pending','not_applicable','pending','not_shipped',NULL,'Seeded order #83','2026-04-05 09:00:00+00',NULL,NULL,'2026-04-05 09:00:00+00','2026-04-05 09:00:00+00','manufacturer_review','aaaaaaaa-0001-0001-0000-000000000003','aaaaaaaa-0001-0001-0000-000000000003','2026-04-05 09:00:00+00','acute','2026-04-05'::date,'aaaaaaaa-0003-0005-0000-000000000003','aaaaaaaa-0001-0002-0000-000000000002',false,NULL,false),
  ('aaaaaaaa-0004-0084-0000-000000000084','SEED-20260408-0084','aaaaaaaa-0002-0000-0000-000000000006',NULL,'pending','not_applicable','pending','not_shipped',NULL,'Seeded order #84','2026-04-08 09:00:00+00',NULL,NULL,'2026-04-08 09:00:00+00','2026-04-08 09:00:00+00','manufacturer_review','aaaaaaaa-0001-0001-0000-000000000003','aaaaaaaa-0001-0001-0000-000000000003','2026-04-08 09:00:00+00','surgical','2026-04-08'::date,'aaaaaaaa-0003-0006-0000-000000000004','aaaaaaaa-0001-0002-0000-000000000003',false,NULL,false),
  ('aaaaaaaa-0004-0085-0000-000000000085','SEED-20260411-0085','aaaaaaaa-0002-0000-0000-000000000001',NULL,'pending','not_applicable','pending','not_shipped',NULL,'Seeded order #85','2026-04-11 09:00:00+00',NULL,NULL,'2026-04-11 09:00:00+00','2026-04-11 09:00:00+00','manufacturer_review','aaaaaaaa-0001-0001-0000-000000000001','aaaaaaaa-0001-0001-0000-000000000001','2026-04-11 09:00:00+00','chronic','2026-04-11'::date,'aaaaaaaa-0003-0001-0000-000000000005','aaaaaaaa-0001-0002-0000-000000000001',false,NULL,false),
  ('aaaaaaaa-0004-0086-0000-000000000086','SEED-20260414-0086','aaaaaaaa-0002-0000-0000-000000000002',NULL,'pending','not_applicable','pending','not_shipped',NULL,'Seeded order #86','2026-04-14 09:00:00+00',NULL,NULL,'2026-04-14 09:00:00+00','2026-04-14 09:00:00+00','manufacturer_review','aaaaaaaa-0001-0001-0000-000000000001','aaaaaaaa-0001-0001-0000-000000000001','2026-04-14 09:00:00+00','acute','2026-04-14'::date,'aaaaaaaa-0003-0002-0000-000000000001','aaaaaaaa-0001-0002-0000-000000000002',false,NULL,false),
  ('aaaaaaaa-0004-0087-0000-000000000087','SEED-20260417-0087','aaaaaaaa-0002-0000-0000-000000000003',NULL,'pending','not_applicable','pending','not_shipped',NULL,'Seeded order #87','2026-04-17 09:00:00+00',NULL,NULL,'2026-04-17 09:00:00+00','2026-04-17 09:00:00+00','manufacturer_review','aaaaaaaa-0001-0001-0000-000000000002','aaaaaaaa-0001-0001-0000-000000000002','2026-04-17 09:00:00+00','surgical','2026-04-17'::date,'aaaaaaaa-0003-0003-0000-000000000002','aaaaaaaa-0001-0002-0000-000000000003',false,NULL,false),
  ('aaaaaaaa-0004-0088-0000-000000000088','SEED-20260420-0088','aaaaaaaa-0002-0000-0000-000000000004',NULL,'pending','not_applicable','pending','not_shipped',NULL,'Seeded order #88','2026-04-20 09:00:00+00',NULL,NULL,'2026-04-20 09:00:00+00','2026-04-20 09:00:00+00','pending_signature','aaaaaaaa-0001-0001-0000-000000000002','aaaaaaaa-0001-0001-0000-000000000002','2026-04-20 09:00:00+00','chronic','2026-04-20'::date,'aaaaaaaa-0003-0004-0000-000000000003','aaaaaaaa-0001-0002-0000-000000000001',false,NULL,false),
  ('aaaaaaaa-0004-0089-0000-000000000089','SEED-20260423-0089','aaaaaaaa-0002-0000-0000-000000000005',NULL,'pending','not_applicable','pending','not_shipped',NULL,'Seeded order #89','2026-04-23 09:00:00+00',NULL,NULL,'2026-04-23 09:00:00+00','2026-04-23 09:00:00+00','pending_signature','aaaaaaaa-0001-0001-0000-000000000003','aaaaaaaa-0001-0001-0000-000000000003','2026-04-23 09:00:00+00','acute','2026-04-23'::date,'aaaaaaaa-0003-0005-0000-000000000004','aaaaaaaa-0001-0002-0000-000000000002',false,NULL,false),
  ('aaaaaaaa-0004-0090-0000-000000000090','SEED-20260426-0090','aaaaaaaa-0002-0000-0000-000000000006',NULL,'pending','not_applicable','pending','not_shipped',NULL,'Seeded order #90','2026-04-26 09:00:00+00',NULL,NULL,'2026-04-26 09:00:00+00','2026-04-26 09:00:00+00','pending_signature','aaaaaaaa-0001-0001-0000-000000000003','aaaaaaaa-0001-0001-0000-000000000003','2026-04-26 09:00:00+00','surgical','2026-04-26'::date,'aaaaaaaa-0003-0006-0000-000000000005','aaaaaaaa-0001-0002-0000-000000000003',false,NULL,false),
  ('aaaaaaaa-0004-0091-0000-000000000091','SEED-20260403-0091','aaaaaaaa-0002-0000-0000-000000000001',NULL,'pending','not_applicable','pending','not_shipped',NULL,'Seeded order #91','2026-04-03 09:00:00+00',NULL,NULL,'2026-04-03 09:00:00+00','2026-04-03 09:00:00+00','pending_signature','aaaaaaaa-0001-0001-0000-000000000001','aaaaaaaa-0001-0001-0000-000000000001','2026-04-03 09:00:00+00','chronic','2026-04-03'::date,'aaaaaaaa-0003-0001-0000-000000000001','aaaaaaaa-0001-0002-0000-000000000001',false,NULL,false),
  ('aaaaaaaa-0004-0092-0000-000000000092','SEED-20260406-0092','aaaaaaaa-0002-0000-0000-000000000002',NULL,'pending','not_applicable','pending','not_shipped',NULL,'Seeded order #92','2026-04-06 09:00:00+00',NULL,NULL,'2026-04-06 09:00:00+00','2026-04-06 09:00:00+00','additional_info_needed','aaaaaaaa-0001-0001-0000-000000000001','aaaaaaaa-0001-0001-0000-000000000001','2026-04-06 09:00:00+00','acute','2026-04-06'::date,'aaaaaaaa-0003-0002-0000-000000000002','aaaaaaaa-0001-0002-0000-000000000002',false,NULL,false),
  ('aaaaaaaa-0004-0093-0000-000000000093','SEED-20260409-0093','aaaaaaaa-0002-0000-0000-000000000003',NULL,'pending','not_applicable','pending','not_shipped',NULL,'Seeded order #93','2026-04-09 09:00:00+00',NULL,NULL,'2026-04-09 09:00:00+00','2026-04-09 09:00:00+00','additional_info_needed','aaaaaaaa-0001-0001-0000-000000000002','aaaaaaaa-0001-0001-0000-000000000002','2026-04-09 09:00:00+00','surgical','2026-04-09'::date,'aaaaaaaa-0003-0003-0000-000000000003','aaaaaaaa-0001-0002-0000-000000000003',false,NULL,false),
  ('aaaaaaaa-0004-0094-0000-000000000094','SEED-20260412-0094','aaaaaaaa-0002-0000-0000-000000000004',NULL,'pending','not_applicable','pending','not_shipped',NULL,'Seeded order #94','2026-04-12 09:00:00+00',NULL,NULL,'2026-04-12 09:00:00+00','2026-04-12 09:00:00+00','additional_info_needed','aaaaaaaa-0001-0001-0000-000000000002','aaaaaaaa-0001-0001-0000-000000000002','2026-04-12 09:00:00+00','chronic','2026-04-12'::date,'aaaaaaaa-0003-0004-0000-000000000004','aaaaaaaa-0001-0002-0000-000000000001',false,NULL,false),
  ('aaaaaaaa-0004-0095-0000-000000000095','SEED-20260415-0095','aaaaaaaa-0002-0000-0000-000000000005',NULL,'pending','not_applicable','pending','not_shipped',NULL,'Seeded order #95','2026-04-15 09:00:00+00',NULL,NULL,'2026-04-15 09:00:00+00','2026-04-15 09:00:00+00','draft','aaaaaaaa-0001-0001-0000-000000000003',NULL,NULL,'acute','2026-04-15'::date,'aaaaaaaa-0003-0005-0000-000000000005','aaaaaaaa-0001-0002-0000-000000000002',false,NULL,false),
  ('aaaaaaaa-0004-0096-0000-000000000096','SEED-20260418-0096','aaaaaaaa-0002-0000-0000-000000000006',NULL,'pending','not_applicable','pending','not_shipped',NULL,'Seeded order #96','2026-04-18 09:00:00+00',NULL,NULL,'2026-04-18 09:00:00+00','2026-04-18 09:00:00+00','draft','aaaaaaaa-0001-0001-0000-000000000003',NULL,NULL,'surgical','2026-04-18'::date,'aaaaaaaa-0003-0006-0000-000000000001','aaaaaaaa-0001-0002-0000-000000000003',false,NULL,false),
  ('aaaaaaaa-0004-0097-0000-000000000097','SEED-20260421-0097','aaaaaaaa-0002-0000-0000-000000000001',NULL,'pending','not_applicable','pending','not_shipped',NULL,'Seeded order #97','2026-04-21 09:00:00+00',NULL,NULL,'2026-04-21 09:00:00+00','2026-04-21 09:00:00+00','draft','aaaaaaaa-0001-0001-0000-000000000001',NULL,NULL,'chronic','2026-04-21'::date,'aaaaaaaa-0003-0001-0000-000000000002','aaaaaaaa-0001-0002-0000-000000000001',false,NULL,false),
  ('aaaaaaaa-0004-0098-0000-000000000098','SEED-20260424-0098','aaaaaaaa-0002-0000-0000-000000000002',NULL,'pending','not_applicable','pending','not_shipped',NULL,'Seeded order #98','2026-04-24 09:00:00+00',NULL,NULL,'2026-04-24 09:00:00+00','2026-04-24 09:00:00+00','draft','aaaaaaaa-0001-0001-0000-000000000001',NULL,NULL,'acute','2026-04-24'::date,'aaaaaaaa-0003-0002-0000-000000000003','aaaaaaaa-0001-0002-0000-000000000002',false,NULL,false),
  ('aaaaaaaa-0004-0099-0000-000000000099','SEED-20260401-0099','aaaaaaaa-0002-0000-0000-000000000003',NULL,'pending','not_applicable','pending','not_shipped',NULL,'Seeded order #99','2026-04-01 09:00:00+00',NULL,NULL,'2026-04-01 09:00:00+00','2026-04-01 09:00:00+00','draft','aaaaaaaa-0001-0001-0000-000000000002',NULL,NULL,'surgical','2026-04-01'::date,'aaaaaaaa-0003-0003-0000-000000000004','aaaaaaaa-0001-0002-0000-000000000003',false,NULL,false),
  ('aaaaaaaa-0004-0100-0000-000000000100','SEED-20260404-0100','aaaaaaaa-0002-0000-0000-000000000004',NULL,'pending','not_applicable','pending','not_shipped',NULL,'Seeded order #100','2026-04-04 09:00:00+00',NULL,NULL,'2026-04-04 09:00:00+00','2026-04-04 09:00:00+00','draft','aaaaaaaa-0001-0001-0000-000000000002',NULL,NULL,'chronic','2026-04-04'::date,'aaaaaaaa-0003-0004-0000-000000000005','aaaaaaaa-0001-0002-0000-000000000001',false,NULL,false)
ON CONFLICT (id) DO NOTHING;

INSERT INTO order_items (id, order_id, product_id, product_name, product_sku, unit_price, quantity, shipping_amount, tax_amount, subtotal, total_amount, created_at, updated_at)
SELECT
  ('aaaaaaaa-0005-0000-0000-' || lpad(row_number() OVER (ORDER BY o.id)::text, 12, '0'))::uuid,
  o.id,
  '7d9b5546-128b-407b-964a-7660db604472',
  'ossFx Surgical Matrix Test', 'OSSFX',
  1490.00, 1, 0, 0, 1490.00, 1490.00,
  o.created_at, o.updated_at
FROM orders o
WHERE o.id::text LIKE 'aaaaaaaa-0004-%'
  AND NOT EXISTS (SELECT 1 FROM order_items oi WHERE oi.order_id = o.id);

-- ============================================================
--  Section F: commissions + payouts
-- ============================================================
INSERT INTO commissions (id, order_id, rep_id, type, order_amount, rate_percent, commission_amount, adjustment, final_amount, status, payout_period, paid_at, created_at, updated_at)
SELECT
  ('aaaaaaaa-0009-0000-0000-' || lpad(row_number() OVER (ORDER BY o.placed_at, o.id)::text, 12, '0'))::uuid,
  o.id,
  f.assigned_rep,
  'direct',
  1490.00,
  CASE f.assigned_rep
    WHEN 'aaaaaaaa-0001-0001-0000-000000000001' THEN 5.00
    WHEN 'aaaaaaaa-0001-0001-0000-000000000002' THEN 4.00
    WHEN 'aaaaaaaa-0001-0001-0000-000000000003' THEN 4.00
    WHEN 'fd542a2a-ef6e-4587-8c8c-2bd138c5e953' THEN 5.00
    WHEN 'df3a36fe-2686-4a14-9a37-e4ad8c71ff0d' THEN 3.00
    ELSE 5.00
  END AS rate_percent,
  CASE f.assigned_rep
    WHEN 'aaaaaaaa-0001-0001-0000-000000000001' THEN 74.50
    WHEN 'aaaaaaaa-0001-0001-0000-000000000002' THEN 59.60
    WHEN 'aaaaaaaa-0001-0001-0000-000000000003' THEN 59.60
    WHEN 'fd542a2a-ef6e-4587-8c8c-2bd138c5e953' THEN 74.50
    WHEN 'df3a36fe-2686-4a14-9a37-e4ad8c71ff0d' THEN 44.70
    ELSE 74.50
  END AS commission_amount,
  0.00 AS adjustment,
  CASE f.assigned_rep
    WHEN 'aaaaaaaa-0001-0001-0000-000000000001' THEN 74.50
    WHEN 'aaaaaaaa-0001-0001-0000-000000000002' THEN 59.60
    WHEN 'aaaaaaaa-0001-0001-0000-000000000003' THEN 59.60
    WHEN 'fd542a2a-ef6e-4587-8c8c-2bd138c5e953' THEN 74.50
    WHEN 'df3a36fe-2686-4a14-9a37-e4ad8c71ff0d' THEN 44.70
    ELSE 74.50
  END AS final_amount,
  CASE
    WHEN o.placed_at < DATE_TRUNC('month', CURRENT_DATE) THEN 'paid'
    ELSE 'pending'
  END AS status,
  to_char(o.placed_at, 'YYYY-MM') AS payout_period,
  CASE
    WHEN o.placed_at < DATE_TRUNC('month', CURRENT_DATE) THEN (DATE_TRUNC('month', o.placed_at) + INTERVAL '1 month 5 days')
    ELSE NULL
  END AS paid_at,
  o.created_at, o.updated_at
FROM orders o
JOIN facilities f ON f.id = o.facility_id
WHERE o.id::text LIKE 'aaaaaaaa-0004-%'
  AND o.order_status IN ('delivered','shipped','approved')
  AND NOT EXISTS (SELECT 1 FROM commissions c WHERE c.order_id = o.id);

INSERT INTO payouts (id, rep_id, period, total_amount, status, paid_at, paid_by, notes, created_at, updated_at)
SELECT
  ('aaaaaaaa-000a-0000-0000-' || lpad(row_number() OVER (ORDER BY rep, period)::text, 12, '0'))::uuid,
  rep,
  period,
  SUM(amount)::numeric(10,2),
  CASE WHEN period < to_char(CURRENT_DATE, 'YYYY-MM') THEN 'paid' ELSE 'pending' END,
  CASE WHEN period < to_char(CURRENT_DATE, 'YYYY-MM') THEN (to_timestamp(period || '-15', 'YYYY-MM-DD') AT TIME ZONE 'UTC') ELSE NULL END,
  'bafaa688-4862-427f-a3f6-b9873ab603f2',
  'Seeded payout',
  NOW(), NOW()
FROM (
  SELECT rep_id AS rep, payout_period AS period, commission_amount AS amount
  FROM commissions
  WHERE id::text LIKE 'aaaaaaaa-0009-%'
) sub
GROUP BY rep, period
HAVING SUM(amount) > 0;
